surface,city,rooms,bathrooms,parking,pool,vue_panoramique,jardin,climatisation,chauffage_central,ascenseur,price
550.0,14,5.0,2.0,1.0,0.0,0,0.0,1.0,1.0,0.0,1400000.0
446.0,12,4.0,2.0,0.0,0.0,0,0.0,1.0,1.0,0.0,550000.0
200.0,25,4.0,2.0,1.0,0.0,0,0.0,1.0,0.0,0.0,330000.0
446.0,12,4.0,2.0,1.0,0.0,0,0.0,1.0,1.0,0.0,550000.0
206.0,12,5.0,3.0,0.0,0.0,0,0.0,1.0,0.0,0.0,330000.0
578.0,14,5.0,3.0,0.0,0.0,0,0.0,0.0,0.0,0.0,2000000.0
500.0,55,4.0,2.0,1.0,1.0,0,0.0,1.0,1.0,0.0,495000.0
458.0,16,4.0,2.0,1.0,0.0,0,0.0,0.0,0.0,0.0,580000.0
540.0,14,4.0,4.0,1.0,0.0,0,0.0,1.0,1.0,0.0,1180000.0
500.0,16,5.0,3.0,1.0,0.0,0,0.0,1.0,1.0,0.0,735000.0
444.0,7,5.0,3.0,1.0,0.0,1,0.0,0.0,0.0,0.0,1800000.0
400.0,36,4.0,2.0,1.0,0.0,0,0.0,1.0,1.0,0.0,500000.0
363.0,28,5.0,2.0,1.0,0.0,0,0.0,0.0,1.0,0.0,830000.0
350.0,26,5.0,3.0,1.0,0.0,0,0.0,0.0,0.0,0.0,700000.0
150.0,16,5.0,2.0,1.0,0.0,1,0.0,1.0,1.0,0.0,308000.0
142.0,16,2.0,1.0,0.0,0.0,0,0.0,1.0,1.0,1.0,390000.0
596.0,33,4.0,2.0,0.0,0.0,0,0.0,1.0,1.0,0.0,1850000.0
527.0,28,5.0,2.0,1.0,0.0,0,0.0,1.0,1.0,0.0,1200000.0
506.0,41,5.0,2.0,0.0,0.0,0,0.0,0.0,0.0,0.0,890000.0
481.0,61,5.0,3.0,1.0,0.0,0,0.0,1.0,1.0,0.0,720000.0
460.0,21,5.0,2.0,1.0,0.0,0,0.0,0.0,1.0,0.0,750000.0
450.0,14,5.0,3.0,1.0,0.0,0,0.0,1.0,1.0,0.0,870000.0
407.0,64,3.0,2.0,0.0,0.0,0,0.0,0.0,0.0,0.0,250000.0
402.0,43,4.0,1.0,0.0,0.0,0,0.0,1.0,0.0,0.0,2500000.0
388.0,12,4.0,1.0,1.0,0.0,0,0.0,1.0,1.0,0.0,505000.0
350.0,25,4.0,1.0,0.0,0.0,0,0.0,0.0,0.0,0.0,500000.0
280.0,26,3.0,3.0,0.0,1.0,0,0.0,0.0,0.0,0.0,1100000.0
280.0,46,4.0,2.0,0.0,0.0,0,0.0,0.0,0.0,0.0,395000.0
237.0,41,5.0,2.0,0.0,0.0,0,0.0,1.0,1.0,0.0,600000.0
214.0,46,5.0,2.0,1.0,0.0,1,0.0,1.0,0.0,0.0,490000.0
207.0,28,4.0,3.0,1.0,0.0,0,0.0,1.0,1.0,1.0,398000.0
185.0,12,5.0,2.0,1.0,0.0,0,0.0,0.0,0.0,0.0,1100000.0
180.0,35,5.0,2.0,1.0,0.0,1,0.0,0.0,0.0,0.0,265000.0
178.0,12,5.0,2.0,1.0,0.0,0,0.0,0.0,0.0,0.0,1200000.0
170.0,28,5.0,2.0,0.0,0.0,0,0.0,1.0,1.0,1.0,320000.0
167.0,12,5.0,3.0,0.0,0.0,0,0.0,0.0,0.0,1.0,540000.0
156.0,55,3.0,1.0,1.0,0.0,0,0.0,0.0,0.0,0.0,255000.0
153.0,35,5.0,2.0,0.0,0.0,0,0.0,0.0,0.0,0.0,260000.0
150.0,63,5.0,2.0,1.0,0.0,0,0.0,0.0,0.0,0.0,220000.0
145.0,13,3.0,1.0,0.0,0.0,0,0.0,1.0,1.0,0.0,360000.0
120.0,16,3.0,1.0,0.0,0.0,0,0.0,1.0,1.0,0.0,200000.0
110.0,12,3.0,2.0,1.0,0.0,0,0.0,0.0,0.0,0.0,280000.0
100.0,7,2.0,1.0,0.0,0.0,0,0.0,1.0,1.0,1.0,380000.0
100.0,46,3.0,1.0,1.0,0.0,0,0.0,0.0,0.0,0.0,280000.0
600.0,12,5.0,3.0,1.0,1.0,0,0.0,1.0,1.0,0.0,2700000.0
600.0,14,5.0,3.0,1.0,0.0,0,0.0,1.0,1.0,0.0,1150000.0
600.0,28,5.0,3.0,1.0,0.0,0,0.0,1.0,1.0,0.0,550000.0
593.0,14,4.0,4.0,1.0,1.0,1,0.0,1.0,1.0,0.0,1675000.0
587.0,14,5.0,3.0,1.0,0.0,0,0.0,1.0,1.0,0.0,1600000.0
587.0,41,5.0,3.0,0.0,0.0,0,0.0,0.0,0.0,0.0,850000.0
585.0,28,4.0,3.0,1.0,0.0,0,0.0,0.0,0.0,0.0,990000.0
580.0,14,5.0,3.0,1.0,0.0,0,0.0,0.0,1.0,0.0,2000000.0
550.0,14,4.0,3.0,1.0,1.0,0,0.0,1.0,1.0,0.0,1500000.0
550.0,14,5.0,4.0,1.0,0.0,0,0.0,0.0,1.0,0.0,980000.0
546.0,28,4.0,3.0,1.0,1.0,0,0.0,1.0,1.0,0.0,1300000.0
541.0,25,4.0,2.0,1.0,0.0,0,0.0,1.0,1.0,0.0,1050000.0
540.0,14,5.0,3.0,0.0,0.0,0,0.0,1.0,1.0,0.0,1300000.0
534.0,14,5.0,3.0,1.0,1.0,0,0.0,1.0,1.0,0.0,970000.0
530.0,28,5.0,2.0,1.0,0.0,0,0.0,0.0,0.0,0.0,950000.0
519.0,61,4.0,3.0,1.0,1.0,0,0.0,1.0,1.0,0.0,970000.0
506.0,14,5.0,3.0,1.0,1.0,0,0.0,1.0,1.0,0.0,1190000.0
500.0,28,3.0,3.0,1.0,0.0,0,0.0,1.0,1.0,0.0,1550000.0
500.0,14,5.0,3.0,1.0,1.0,0,0.0,1.0,1.0,0.0,1200000.0
500.0,35,5.0,3.0,0.0,0.0,1,0.0,0.0,1.0,0.0,950000.0
500.0,59,5.0,2.0,0.0,0.0,0,0.0,0.0,0.0,0.0,490000.0
475.0,12,5.0,3.0,1.0,0.0,1,0.0,1.0,1.0,0.0,3500000.0
468.0,14,5.0,2.0,1.0,0.0,0,0.0,1.0,1.0,0.0,850000.0
465.0,14,4.0,3.0,1.0,0.0,0,0.0,0.0,1.0,0.0,980000.0
455.0,25,4.0,3.0,1.0,0.0,0,0.0,1.0,1.0,0.0,390000.0
450.0,14,5.0,3.0,1.0,1.0,1,0.0,1.0,1.0,0.0,1600000.0
450.0,25,4.0,1.0,0.0,0.0,0,0.0,0.0,0.0,0.0,390000.0
442.0,35,5.0,2.0,0.0,0.0,0,0.0,0.0,1.0,0.0,880000.0
420.0,12,4.0,3.0,1.0,1.0,0,0.0,1.0,1.0,0.0,950000.0
420.0,35,5.0,3.0,0.0,0.0,1,0.0,0.0,1.0,0.0,940000.0
417.0,26,5.0,2.0,1.0,0.0,0,0.0,0.0,0.0,0.0,720000.0
400.0,14,5.0,3.0,0.0,0.0,0,0.0,0.0,1.0,0.0,1350000.0
400.0,45,5.0,3.0,1.0,1.0,0,0.0,1.0,1.0,0.0,1200000.0
400.0,21,4.0,3.0,1.0,0.0,0,0.0,1.0,1.0,0.0,930000.0
400.0,16,5.0,3.0,1.0,1.0,0,0.0,1.0,1.0,0.0,870000.0
388.0,45,5.0,3.0,1.0,1.0,0,0.0,1.0,1.0,0.0,1364000.0
386.0,58,5.0,2.0,1.0,0.0,1,0.0,1.0,1.0,0.0,650000.0
340.0,64,4.0,1.0,1.0,0.0,0,0.0,0.0,0.0,0.0,600000.0
340.0,16,5.0,4.0,0.0,1.0,0,0.0,1.0,1.0,0.0,1400000.0
340.0,33,5.0,3.0,0.0,0.0,0,0.0,0.0,0.0,0.0,700000.0
330.0,12,5.0,4.0,1.0,0.0,0,0.0,1.0,1.0,0.0,1500000.0
323.0,45,5.0,3.0,1.0,1.0,0,0.0,1.0,1.0,0.0,829000.0
320.0,45,5.0,4.0,1.0,1.0,0,0.0,1.0,1.0,1.0,799000.0
317.0,12,5.0,3.0,1.0,0.0,0,0.0,0.0,1.0,0.0,800000.0
315.0,45,4.0,3.0,1.0,0.0,1,0.0,1.0,1.0,1.0,520000.0
300.0,12,3.0,4.0,0.0,1.0,0,0.0,1.0,0.0,0.0,1150000.0
300.0,10,4.0,4.0,1.0,0.0,0,0.0,1.0,1.0,1.0,1150000.0
300.0,35,4.0,3.0,1.0,0.0,0,0.0,1.0,1.0,0.0,750000.0
280.0,12,5.0,4.0,1.0,1.0,0,0.0,1.0,1.0,0.0,1280000.0
280.0,12,5.0,3.0,1.0,1.0,1,0.0,1.0,1.0,0.0,820000.0
280.0,58,5.0,3.0,0.0,0.0,0,0.0,0.0,1.0,0.0,730000.0
277.0,12,5.0,4.0,1.0,1.0,1,0.0,1.0,1.0,0.0,1400000.0
265.0,14,3.0,2.0,1.0,1.0,0,0.0,1.0,1.0,0.0,850000.0
262.0,7,4.0,4.0,1.0,1.0,0,0.0,1.0,1.0,1.0,1650000.0
261.0,65,5.0,2.0,1.0,0.0,0,0.0,0.0,0.0,0.0,520000.0
250.0,28,3.0,4.0,1.0,1.0,0,0.0,1.0,1.0,0.0,850000.0
250.0,16,5.0,3.0,0.0,1.0,0,0.0,0.0,1.0,0.0,680000.0
250.0,28,4.0,3.0,1.0,0.0,0,0.0,1.0,1.0,1.0,530000.0
248.0,28,5.0,4.0,1.0,0.0,0,0.0,1.0,1.0,1.0,570000.0
240.0,45,5.0,2.0,1.0,0.0,0,0.0,0.0,0.0,0.0,250000.0
237.0,28,5.0,2.0,0.0,0.0,0,0.0,1.0,1.0,1.0,900000.0
235.0,45,3.0,1.0,1.0,0.0,0,0.0,1.0,0.0,0.0,210000.0
230.0,16,4.0,2.0,1.0,0.0,0,0.0,1.0,1.0,0.0,750000.0
230.0,45,5.0,3.0,1.0,0.0,1,0.0,0.0,0.0,0.0,450000.0
230.0,45,5.0,2.0,1.0,0.0,0,0.0,1.0,1.0,0.0,430000.0
221.0,65,5.0,2.0,1.0,0.0,0,0.0,0.0,0.0,0.0,249000.0
219.0,12,5.0,3.0,1.0,0.0,0,0.0,1.0,1.0,1.0,1150000.0
218.0,14,4.0,3.0,1.0,0.0,0,0.0,1.0,1.0,1.0,490000.0
209.0,16,4.0,2.0,1.0,0.0,0,0.0,1.0,1.0,0.0,450000.0
200.0,28,4.0,2.0,1.0,0.0,0,0.0,1.0,1.0,0.0,480000.0
200.0,12,5.0,3.0,0.0,0.0,0,0.0,1.0,1.0,0.0,385000.0
200.0,43,4.0,2.0,0.0,0.0,0,0.0,0.0,0.0,0.0,198000.0
185.0,16,5.0,3.0,1.0,0.0,1,0.0,1.0,1.0,0.0,750000.0
180.0,28,3.0,2.0,0.0,0.0,0,0.0,0.0,1.0,0.0,310000.0
165.0,62,3.0,1.0,1.0,0.0,0,0.0,0.0,0.0,0.0,270000.0
160.0,64,3.0,2.0,0.0,0.0,1,0.0,0.0,1.0,1.0,190000.0
150.0,58,5.0,1.0,0.0,0.0,0,0.0,0.0,0.0,0.0,450000.0
150.0,59,5.0,2.0,1.0,0.0,1,0.0,1.0,1.0,0.0,369000.0
133.0,7,2.0,2.0,1.0,0.0,0,0.0,1.0,1.0,1.0,550000.0
119.0,7,4.0,2.0,1.0,0.0,0,0.0,0.0,0.0,0.0,250000.0
77.0,91,5.0,2.0,0.0,0.0,0,0.0,1.0,0.0,0.0,216000.0
600.0,12,4.0,4.0,1.0,1.0,0,0.0,1.0,1.0,0.0,2750000.0
600.0,12,3.0,2.0,0.0,1.0,0,0.0,1.0,0.0,0.0,2000000.0
600.0,12,4.0,4.0,1.0,1.0,0,0.0,1.0,1.0,1.0,2000000.0
600.0,14,4.0,3.0,1.0,0.0,0,0.0,1.0,1.0,0.0,1100000.0
599.0,28,4.0,1.0,1.0,0.0,0,0.0,0.0,0.0,0.0,1138000.0
579.0,12,4.0,2.0,1.0,1.0,0,0.0,1.0,1.0,0.0,2000000.0
570.0,16,4.0,1.0,1.0,1.0,0,0.0,0.0,1.0,0.0,1100000.0
569.0,45,4.0,3.0,1.0,0.0,1,0.0,1.0,1.0,0.0,570000.0
543.0,14,4.0,3.0,1.0,1.0,0,0.0,1.0,1.0,0.0,1200000.0
541.0,12,3.0,3.0,1.0,0.0,0,0.0,1.0,1.0,0.0,2200000.0
540.0,25,4.0,3.0,1.0,0.0,0,0.0,1.0,1.0,0.0,1000000.0
532.0,28,5.0,3.0,1.0,1.0,0,0.0,0.0,1.0,0.0,1600000.0
518.0,13,3.0,2.0,1.0,0.0,1,0.0,0.0,1.0,0.0,1200000.0
500.0,14,4.0,2.0,0.0,0.0,0,0.0,0.0,0.0,0.0,2200000.0
500.0,12,4.0,3.0,1.0,1.0,0,0.0,1.0,1.0,0.0,1600000.0
500.0,7,4.0,3.0,0.0,1.0,0,0.0,1.0,1.0,1.0,1500000.0
500.0,28,3.0,2.0,1.0,0.0,0,0.0,1.0,1.0,0.0,650000.0
500.0,59,4.0,2.0,0.0,0.0,1,0.0,1.0,1.0,0.0,600000.0
480.0,61,3.0,2.0,1.0,0.0,0,0.0,1.0,1.0,0.0,450000.0
470.0,28,3.0,2.0,1.0,0.0,0,0.0,0.0,1.0,0.0,1050000.0
452.0,16,4.0,3.0,1.0,1.0,1,0.0,1.0,1.0,0.0,2000000.0
450.0,12,5.0,2.0,1.0,0.0,0,0.0,1.0,1.0,0.0,1600000.0
450.0,28,5.0,3.0,1.0,1.0,1,0.0,1.0,1.0,0.0,1200000.0
450.0,21,4.0,2.0,1.0,0.0,0,0.0,0.0,0.0,0.0,800000.0
450.0,16,4.0,3.0,1.0,0.0,0,0.0,1.0,1.0,0.0,750000.0
444.0,41,3.0,2.0,0.0,0.0,1,0.0,0.0,0.0,0.0,740000.0
441.0,7,4.0,4.0,1.0,0.0,0,0.0,1.0,1.0,1.0,1132000.0
436.0,28,4.0,3.0,1.0,0.0,0,0.0,0.0,1.0,0.0,900000.0
426.0,16,4.0,4.0,1.0,1.0,0,0.0,1.0,1.0,1.0,1500000.0
425.0,43,4.0,1.0,1.0,0.0,0,0.0,0.0,0.0,0.0,550000.0
410.0,16,4.0,1.0,0.0,1.0,0,0.0,1.0,1.0,0.0,1500000.0
400.0,16,4.0,4.0,1.0,1.0,0,0.0,1.0,1.0,0.0,1650000.0
400.0,16,4.0,1.0,1.0,0.0,0,0.0,1.0,1.0,0.0,1200000.0
400.0,28,4.0,2.0,1.0,1.0,0,0.0,1.0,1.0,1.0,515000.0
400.0,70,4.0,2.0,1.0,0.0,0,0.0,0.0,0.0,0.0,495000.0
379.0,70,4.0,2.0,1.0,0.0,0,0.0,0.0,0.0,0.0,350000.0
365.0,7,4.0,3.0,1.0,0.0,0,0.0,1.0,1.0,1.0,1250000.0
357.0,16,4.0,3.0,1.0,0.0,0,0.0,0.0,0.0,0.0,565000.0
350.0,12,4.0,3.0,1.0,0.0,1,0.0,1.0,1.0,0.0,1600000.0
350.0,12,4.0,2.0,1.0,1.0,0,0.0,0.0,0.0,0.0,1200000.0
350.0,14,4.0,3.0,1.0,1.0,0,0.0,1.0,1.0,0.0,980000.0
350.0,16,3.0,4.0,1.0,0.0,0,0.0,1.0,1.0,0.0,800000.0
338.0,7,4.0,3.0,1.0,1.0,0,0.0,1.0,1.0,1.0,1600000.0
331.0,69,4.0,2.0,1.0,0.0,0,0.0,0.0,1.0,0.0,365000.0
330.0,28,4.0,3.0,0.0,0.0,0,0.0,0.0,0.0,0.0,1390000.0
327.0,12,4.0,4.0,1.0,0.0,0,0.0,1.0,1.0,0.0,1771000.0
320.0,12,4.0,4.0,1.0,0.0,1,0.0,1.0,1.0,1.0,1550000.0
320.0,12,4.0,4.0,0.0,0.0,0,0.0,1.0,1.0,0.0,1550000.0
310.0,12,4.0,4.0,1.0,1.0,0,0.0,1.0,1.0,0.0,1650000.0
310.0,16,4.0,4.0,1.0,1.0,0,0.0,1.0,1.0,1.0,1500000.0
310.0,16,4.0,2.0,0.0,1.0,0,0.0,1.0,1.0,0.0,805000.0
310.0,12,4.0,2.0,0.0,0.0,0,0.0,0.0,0.0,0.0,750000.0
300.0,16,3.0,3.0,1.0,1.0,0,0.0,1.0,1.0,0.0,1500000.0
300.0,12,4.0,4.0,1.0,0.0,0,0.0,0.0,0.0,0.0,1500000.0
300.0,16,4.0,4.0,1.0,1.0,0,0.0,1.0,1.0,0.0,1080000.0
300.0,45,4.0,2.0,1.0,1.0,0,0.0,1.0,1.0,0.0,950000.0
300.0,28,4.0,2.0,1.0,0.0,0,0.0,1.0,1.0,0.0,750000.0
300.0,69,3.0,2.0,1.0,0.0,1,0.0,1.0,1.0,0.0,430000.0
294.0,12,3.0,3.0,0.0,0.0,0,0.0,1.0,0.0,0.0,1200000.0
290.0,10,4.0,1.0,0.0,0.0,0,0.0,1.0,1.0,0.0,1500000.0
290.0,12,4.0,4.0,0.0,0.0,0,0.0,1.0,1.0,1.0,1050000.0
285.0,12,3.0,3.0,1.0,1.0,0,0.0,1.0,1.0,0.0,1100000.0
280.0,28,4.0,3.0,0.0,0.0,0,0.0,1.0,1.0,0.0,920000.0
280.0,28,4.0,3.0,0.0,0.0,0,0.0,1.0,1.0,0.0,920000.0
280.0,28,4.0,2.0,0.0,0.0,1,0.0,1.0,1.0,0.0,920000.0
280.0,16,4.0,4.0,1.0,1.0,0,0.0,1.0,1.0,0.0,900000.0
275.0,16,4.0,3.0,1.0,1.0,0,0.0,1.0,1.0,1.0,1500000.0
270.0,10,4.0,1.0,1.0,0.0,0,0.0,1.0,1.0,0.0,1250000.0
270.0,16,4.0,3.0,1.0,0.0,0,0.0,1.0,1.0,0.0,590000.0
270.0,62,4.0,2.0,1.0,0.0,0,0.0,0.0,1.0,0.0,520000.0
265.0,7,4.0,2.0,1.0,0.0,0,0.0,1.0,1.0,1.0,850000.0
260.0,16,4.0,4.0,1.0,1.0,0,0.0,1.0,1.0,1.0,1250000.0
260.0,16,4.0,3.0,1.0,0.0,0,0.0,0.0,0.0,0.0,590000.0
260.0,45,4.0,1.0,1.0,0.0,0,0.0,1.0,0.0,0.0,275000.0
260.0,45,4.0,2.0,0.0,0.0,0,0.0,1.0,0.0,0.0,270000.0
252.0,14,3.0,3.0,1.0,0.0,0,0.0,1.0,1.0,1.0,770000.0
250.0,12,4.0,1.0,1.0,0.0,0,0.0,1.0,1.0,1.0,1680000.0
250.0,12,4.0,3.0,1.0,0.0,0,0.0,1.0,1.0,1.0,1650000.0
250.0,16,3.0,2.0,1.0,0.0,0,0.0,1.0,1.0,0.0,695000.0
250.0,16,4.0,3.0,1.0,0.0,0,0.0,1.0,1.0,0.0,659000.0
250.0,28,4.0,3.0,1.0,0.0,0,0.0,1.0,1.0,0.0,450000.0
250.0,12,4.0,2.0,0.0,0.0,0,0.0,0.0,1.0,0.0,400000.0
250.0,62,4.0,1.0,1.0,0.0,1,0.0,1.0,1.0,0.0,390000.0
245.0,64,4.0,1.0,1.0,0.0,0,0.0,0.0,1.0,1.0,200000.0
240.0,7,4.0,3.0,1.0,1.0,0,0.0,1.0,1.0,1.0,1450000.0
240.0,10,4.0,2.0,1.0,0.0,0,0.0,1.0,1.0,0.0,1250000.0
240.0,14,4.0,2.0,1.0,0.0,0,0.0,1.0,1.0,0.0,670000.0
240.0,76,4.0,1.0,1.0,0.0,1,0.0,1.0,1.0,0.0,430000.0
239.0,16,3.0,3.0,0.0,1.0,0,0.0,1.0,1.0,0.0,780000.0
237.0,16,4.0,2.0,0.0,1.0,0,0.0,1.0,1.0,1.0,670000.0
237.0,16,4.0,3.0,1.0,1.0,0,0.0,1.0,1.0,1.0,670000.0
236.0,7,4.0,3.0,1.0,1.0,0,0.0,1.0,1.0,1.0,1120000.0
236.0,45,4.0,2.0,1.0,0.0,0,0.0,1.0,1.0,1.0,587200.0
233.0,28,4.0,2.0,1.0,0.0,0,0.0,1.0,1.0,1.0,763000.0
230.0,16,4.0,3.0,1.0,0.0,0,0.0,1.0,1.0,0.0,700000.0
230.0,12,2.0,1.0,0.0,0.0,0,0.0,1.0,1.0,0.0,350000.0
227.0,12,4.0,2.0,1.0,1.0,0,0.0,1.0,1.0,0.0,590000.0
226.0,16,3.0,2.0,1.0,0.0,0,0.0,1.0,1.0,0.0,710000.0
226.0,16,4.0,2.0,1.0,0.0,0,0.0,1.0,1.0,0.0,500000.0
226.0,26,4.0,2.0,0.0,0.0,0,0.0,1.0,1.0,0.0,370000.0
225.0,16,4.0,1.0,1.0,0.0,0,0.0,1.0,1.0,0.0,660000.0
220.0,12,3.0,3.0,0.0,0.0,0,0.0,1.0,1.0,1.0,850000.0
220.0,14,4.0,3.0,1.0,0.0,0,0.0,1.0,1.0,0.0,580000.0
218.0,12,4.0,3.0,0.0,0.0,0,0.0,1.0,0.0,1.0,655000.0
215.0,16,4.0,3.0,1.0,0.0,0,0.0,1.0,1.0,1.0,750000.0
210.0,16,4.0,3.0,1.0,1.0,0,0.0,1.0,1.0,0.0,950000.0
210.0,12,4.0,2.0,1.0,0.0,0,0.0,1.0,1.0,1.0,410000.0
207.0,7,3.0,3.0,0.0,0.0,0,0.0,1.0,1.0,1.0,690000.0
205.0,28,4.0,3.0,1.0,0.0,0,0.0,1.0,1.0,1.0,622000.0
204.0,58,4.0,1.0,0.0,0.0,0,0.0,1.0,1.0,0.0,450000.0
203.0,28,4.0,3.0,0.0,0.0,0,0.0,0.0,0.0,0.0,760000.0
202.0,7,4.0,2.0,1.0,0.0,0,0.0,1.0,1.0,1.0,650000.0
202.0,12,4.0,2.0,1.0,0.0,0,0.0,1.0,1.0,0.0,630000.0
202.0,38,4.0,3.0,0.0,0.0,0,0.0,1.0,1.0,1.0,420000.0
200.0,16,5.0,2.0,0.0,0.0,0,0.0,0.0,1.0,0.0,1200000.0
200.0,12,3.0,2.0,0.0,0.0,0,0.0,1.0,1.0,0.0,740000.0
200.0,12,4.0,3.0,0.0,0.0,0,0.0,1.0,1.0,1.0,542000.0
200.0,13,4.0,3.0,0.0,0.0,0,0.0,0.0,0.0,0.0,540000.0
200.0,13,4.0,2.0,0.0,0.0,0,0.0,1.0,1.0,0.0,520000.0
200.0,12,4.0,2.0,0.0,0.0,0,0.0,0.0,0.0,0.0,480000.0
200.0,12,4.0,2.0,0.0,0.0,0,0.0,1.0,1.0,0.0,385000.0
200.0,12,4.0,2.0,1.0,0.0,0,0.0,0.0,0.0,0.0,350000.0
196.0,7,4.0,3.0,1.0,0.0,0,0.0,0.0,1.0,1.0,600000.0
196.0,12,3.0,1.0,0.0,0.0,0,0.0,0.0,0.0,0.0,485000.0
190.0,28,4.0,3.0,0.0,0.0,0,0.0,1.0,1.0,1.0,671000.0
190.0,76,3.0,1.0,1.0,0.0,0,0.0,1.0,1.0,0.0,400000.0
187.0,58,4.0,3.0,1.0,0.0,0,0.0,1.0,1.0,0.0,400000.0
185.0,28,4.0,2.0,1.0,0.0,0,0.0,1.0,1.0,0.0,490000.0
185.0,12,4.0,3.0,1.0,0.0,0,0.0,1.0,1.0,1.0,463600.0
183.0,14,5.0,2.0,0.0,0.0,0,0.0,0.0,1.0,1.0,390000.0
182.0,12,3.0,3.0,1.0,0.0,0,0.0,1.0,1.0,1.0,750000.0
182.0,28,4.0,2.0,1.0,0.0,1,0.0,1.0,0.0,0.0,345000.0
181.0,28,4.0,3.0,1.0,0.0,0,0.0,1.0,1.0,0.0,720000.0
180.0,12,4.0,2.0,1.0,0.0,0,0.0,1.0,1.0,1.0,540000.0
180.0,28,3.0,2.0,0.0,0.0,0,0.0,1.0,1.0,0.0,335000.0
180.0,33,5.0,2.0,0.0,0.0,0,0.0,0.0,1.0,0.0,290000.0
179.0,45,3.0,1.0,0.0,0.0,1,0.0,1.0,1.0,0.0,545000.0
171.0,36,3.0,3.0,0.0,0.0,0,0.0,1.0,1.0,0.0,395000.0
170.0,16,4.0,3.0,0.0,0.0,0,0.0,1.0,1.0,0.0,750000.0
170.0,28,4.0,2.0,0.0,0.0,0,0.0,1.0,1.0,0.0,465000.0
170.0,28,4.0,2.0,0.0,0.0,0,0.0,0.0,0.0,0.0,430000.0
170.0,33,4.0,1.0,0.0,0.0,0,0.0,0.0,0.0,0.0,285000.0
167.0,7,4.0,4.0,1.0,0.0,0,0.0,1.0,1.0,1.0,800000.0
167.0,14,4.0,3.0,0.0,0.0,0,0.0,1.0,1.0,1.0,495000.0
166.0,12,2.0,2.0,0.0,1.0,0,0.0,1.0,1.0,1.0,581000.0
166.0,58,4.0,2.0,1.0,0.0,0,0.0,1.0,1.0,0.0,335000.0
165.0,12,4.0,2.0,0.0,0.0,1,0.0,1.0,1.0,1.0,900000.0
165.0,28,3.0,2.0,1.0,0.0,0,0.0,1.0,1.0,1.0,520000.0
165.0,16,3.0,2.0,0.0,0.0,0,0.0,1.0,1.0,0.0,480000.0
163.0,7,4.0,4.0,1.0,0.0,0,0.0,1.0,1.0,1.0,785000.0
162.0,41,4.0,2.0,0.0,0.0,0,0.0,1.0,1.0,1.0,315000.0
159.0,7,4.0,3.0,1.0,0.0,0,0.0,1.0,1.0,1.0,767000.0
156.0,35,4.0,2.0,1.0,0.0,1,0.0,0.0,1.0,0.0,500000.0
156.0,35,4.0,2.0,1.0,0.0,1,0.0,1.0,1.0,0.0,330000.0
155.0,7,4.0,3.0,1.0,1.0,0,0.0,1.0,1.0,1.0,960000.0
155.0,28,4.0,2.0,0.0,0.0,0,0.0,1.0,1.0,1.0,320000.0
150.0,35,4.0,2.0,1.0,0.0,0,0.0,0.0,0.0,0.0,630000.0
150.0,12,4.0,2.0,0.0,0.0,0,0.0,0.0,0.0,0.0,350000.0
150.0,86,4.0,1.0,0.0,0.0,0,0.0,0.0,0.0,0.0,330000.0
150.0,12,4.0,2.0,1.0,0.0,0,0.0,1.0,1.0,1.0,329000.0
150.0,16,4.0,2.0,1.0,0.0,0,0.0,1.0,1.0,0.0,320000.0
150.0,36,4.0,2.0,1.0,0.0,0,0.0,0.0,1.0,0.0,320000.0
150.0,45,4.0,3.0,1.0,0.0,0,0.0,0.0,1.0,0.0,250000.0
149.0,46,4.0,2.0,1.0,0.0,0,0.0,0.0,0.0,0.0,275000.0
148.0,41,4.0,1.0,0.0,0.0,0,0.0,0.0,0.0,0.0,320000.0
146.0,14,4.0,1.0,0.0,0.0,0,0.0,0.0,1.0,0.0,360000.0
143.0,28,4.0,1.0,0.0,0.0,0,0.0,0.0,1.0,0.0,200000.0
140.0,16,4.0,2.0,1.0,0.0,0,0.0,1.0,1.0,0.0,340000.0
138.0,28,4.0,1.0,0.0,0.0,0,0.0,1.0,1.0,1.0,390000.0
136.0,35,4.0,1.0,0.0,0.0,1,0.0,0.0,1.0,0.0,190000.0
135.0,28,4.0,2.0,1.0,0.0,0,0.0,0.0,1.0,0.0,350000.0
132.0,41,4.0,2.0,0.0,0.0,0,0.0,0.0,0.0,0.0,210000.0
130.0,28,4.0,2.0,0.0,0.0,0,0.0,1.0,0.0,1.0,580000.0
126.0,16,3.0,2.0,0.0,0.0,0,0.0,1.0,1.0,1.0,216000.0
126.0,25,2.0,1.0,1.0,0.0,0,0.0,1.0,0.0,0.0,170000.0
120.0,76,4.0,2.0,0.0,0.0,0,0.0,0.0,0.0,0.0,290000.0
112.0,16,2.0,1.0,0.0,0.0,0,0.0,1.0,1.0,1.0,265000.0
111.0,12,3.0,1.0,0.0,0.0,0,0.0,1.0,0.0,0.0,380000.0
110.0,14,3.0,2.0,0.0,0.0,1,0.0,1.0,1.0,1.0,285000.0
110.0,62,4.0,1.0,0.0,0.0,0,0.0,1.0,0.0,0.0,255000.0
110.0,25,3.0,2.0,0.0,0.0,0,0.0,1.0,1.0,1.0,250000.0
109.0,12,2.0,1.0,0.0,0.0,0,0.0,0.0,1.0,1.0,220000.0
103.0,76,4.0,2.0,0.0,0.0,0,0.0,0.0,0.0,0.0,330000.0
97.0,69,2.0,1.0,0.0,0.0,1,0.0,1.0,1.0,0.0,150000.0
590.0,12,3.0,1.0,1.0,0.0,0,0.0,0.0,0.0,0.0,900000.0
550.0,7,3.0,3.0,1.0,0.0,1,0.0,0.0,0.0,0.0,1250000.0
536.0,41,3.0,1.0,1.0,0.0,0,0.0,1.0,1.0,0.0,950000.0
533.0,7,3.0,1.0,0.0,0.0,0,0.0,0.0,0.0,0.0,1100000.0
521.0,21,3.0,2.0,1.0,0.0,0,0.0,0.0,0.0,0.0,840000.0
519.0,14,3.0,2.0,0.0,0.0,0,0.0,0.0,0.0,0.0,700000.0
510.0,28,3.0,2.0,1.0,0.0,0,0.0,1.0,1.0,0.0,1100000.0
500.0,69,3.0,2.0,1.0,0.0,0,0.0,1.0,1.0,0.0,700000.0
498.0,10,3.0,2.0,0.0,0.0,0,0.0,0.0,0.0,0.0,2450000.0
497.0,16,3.0,4.0,1.0,1.0,0,0.0,1.0,1.0,0.0,1900000.0
478.0,16,3.0,2.0,0.0,0.0,0,0.0,1.0,1.0,1.0,580000.0
444.0,41,3.0,2.0,0.0,0.0,0,0.0,0.0,0.0,0.0,650000.0
440.0,69,3.0,2.0,1.0,0.0,0,0.0,0.0,0.0,0.0,390000.0
420.0,16,4.0,4.0,1.0,1.0,0,0.0,1.0,1.0,0.0,1500000.0
419.0,59,3.0,1.0,1.0,0.0,1,0.0,1.0,0.0,0.0,480000.0
415.0,12,3.0,3.0,1.0,1.0,1,0.0,1.0,1.0,0.0,2100000.0
413.0,14,3.0,1.0,0.0,0.0,0,0.0,0.0,0.0,0.0,1300000.0
400.0,10,4.0,3.0,1.0,1.0,0,0.0,1.0,1.0,0.0,3200000.0
400.0,12,3.0,2.0,1.0,1.0,0,0.0,1.0,1.0,0.0,1800000.0
400.0,25,3.0,2.0,1.0,0.0,0,0.0,1.0,1.0,0.0,620000.0
390.0,14,4.0,3.0,0.0,0.0,0,0.0,0.0,0.0,0.0,890000.0
380.0,12,3.0,4.0,1.0,1.0,0,0.0,1.0,1.0,0.0,2300000.0
380.0,12,3.0,2.0,0.0,0.0,0,0.0,1.0,1.0,0.0,1700000.0
380.0,45,3.0,2.0,1.0,0.0,0,0.0,0.0,1.0,0.0,320000.0
368.0,38,4.0,2.0,0.0,0.0,0,0.0,0.0,0.0,0.0,1400000.0
364.0,12,3.0,3.0,1.0,1.0,1,0.0,1.0,1.0,0.0,1200000.0
352.0,28,4.0,4.0,0.0,0.0,0,0.0,0.0,0.0,0.0,460000.0
350.0,64,3.0,2.0,0.0,0.0,0,0.0,0.0,0.0,0.0,160000.0
343.0,16,4.0,4.0,0.0,0.0,0,0.0,1.0,1.0,0.0,800000.0
343.0,16,4.0,3.0,0.0,0.0,0,0.0,1.0,1.0,0.0,800000.0
340.0,28,3.0,3.0,1.0,1.0,1,0.0,1.0,1.0,1.0,690000.0
330.0,12,3.0,3.0,1.0,0.0,0,0.0,1.0,1.0,0.0,1633000.0
328.0,25,3.0,1.0,1.0,0.0,0,0.0,1.0,0.0,0.0,550000.0
323.0,16,2.0,1.0,0.0,0.0,0,0.0,0.0,0.0,0.0,500000.0
320.0,12,3.0,3.0,1.0,0.0,1,0.0,1.0,1.0,1.0,1550000.0
316.0,16,3.0,3.0,1.0,1.0,0,0.0,1.0,1.0,0.0,950000.0
312.0,12,3.0,3.0,1.0,0.0,0,0.0,1.0,1.0,1.0,1440000.0
311.0,25,3.0,1.0,0.0,0.0,0,0.0,0.0,0.0,0.0,530000.0
310.0,12,3.0,3.0,0.0,0.0,1,0.0,1.0,1.0,0.0,2300000.0
310.0,12,3.0,4.0,1.0,0.0,0,0.0,1.0,1.0,1.0,1400000.0
301.0,76,3.0,1.0,1.0,0.0,0,0.0,1.0,0.0,0.0,360000.0
300.0,12,3.0,3.0,1.0,0.0,0,0.0,1.0,1.0,1.0,1200000.0
300.0,28,3.0,2.0,0.0,0.0,0,0.0,1.0,1.0,0.0,470000.0
300.0,14,3.0,2.0,0.0,0.0,0,0.0,1.0,1.0,0.0,470000.0
298.0,12,3.0,2.0,1.0,0.0,0,0.0,0.0,0.0,0.0,550000.0
298.0,35,3.0,1.0,0.0,0.0,0,0.0,0.0,1.0,0.0,395000.0
297.0,76,3.0,2.0,1.0,0.0,0,0.0,1.0,1.0,0.0,950000.0
289.0,12,3.0,3.0,1.0,0.0,1,0.0,1.0,1.0,0.0,1350000.0
289.0,12,3.0,3.0,1.0,0.0,1,0.0,1.0,1.0,1.0,1350000.0
289.0,12,3.0,3.0,1.0,1.0,1,0.0,1.0,1.0,1.0,1350000.0
288.0,12,4.0,2.0,0.0,0.0,0,0.0,0.0,1.0,0.0,1400000.0
286.0,45,3.0,2.0,1.0,0.0,0,0.0,1.0,1.0,0.0,575000.0
283.0,12,3.0,2.0,0.0,0.0,0,0.0,1.0,1.0,1.0,1700000.0
280.0,12,4.0,3.0,1.0,1.0,0,0.0,1.0,1.0,0.0,1280000.0
280.0,12,3.0,3.0,1.0,1.0,0,0.0,1.0,1.0,0.0,1250000.0
280.0,12,3.0,3.0,1.0,1.0,0,0.0,1.0,1.0,0.0,1000000.0
280.0,14,3.0,2.0,0.0,0.0,0,0.0,0.0,1.0,0.0,450000.0
280.0,12,3.0,2.0,1.0,0.0,0,0.0,1.0,1.0,0.0,440000.0
280.0,58,4.0,1.0,1.0,0.0,0,0.0,1.0,1.0,0.0,315000.0
274.0,46,3.0,1.0,1.0,0.0,0,0.0,1.0,1.0,0.0,1200000.0
270.0,16,3.0,3.0,0.0,0.0,0,0.0,1.0,1.0,0.0,750000.0
260.0,12,3.0,4.0,0.0,1.0,0,0.0,1.0,1.0,1.0,950000.0
260.0,28,3.0,2.0,1.0,0.0,0,0.0,1.0,1.0,0.0,620000.0
260.0,58,3.0,2.0,1.0,0.0,0,0.0,1.0,1.0,0.0,390000.0
259.0,14,3.0,2.0,0.0,0.0,0,0.0,1.0,1.0,1.0,650000.0
256.0,7,3.0,3.0,1.0,0.0,0,0.0,1.0,1.0,1.0,1078000.0
256.0,12,4.0,3.0,1.0,1.0,1,0.0,1.0,1.0,0.0,950000.0
250.0,12,3.0,3.0,1.0,0.0,1,0.0,1.0,1.0,1.0,1190000.0
250.0,12,3.0,2.0,0.0,0.0,0,0.0,0.0,0.0,0.0,1050000.0
250.0,16,3.0,2.0,0.0,1.0,0,0.0,1.0,1.0,0.0,750000.0
250.0,62,3.0,1.0,1.0,0.0,1,0.0,1.0,1.0,0.0,390000.0
250.0,25,3.0,1.0,1.0,0.0,0,0.0,0.0,0.0,0.0,285000.0
250.0,14,3.0,1.0,1.0,0.0,0,0.0,1.0,1.0,1.0,250000.0
248.0,7,3.0,3.0,1.0,0.0,0,0.0,1.0,1.0,1.0,1352000.0
244.0,28,2.0,2.0,1.0,0.0,0,0.0,1.0,1.0,0.0,550000.0
243.0,12,3.0,2.0,0.0,0.0,0,0.0,1.0,1.0,0.0,587000.0
242.0,12,3.0,3.0,0.0,0.0,0,0.0,0.0,0.0,0.0,1017000.0
242.0,12,3.0,3.0,1.0,0.0,0,0.0,1.0,1.0,1.0,970000.0
242.0,12,3.0,2.0,0.0,0.0,0,0.0,0.0,0.0,0.0,970000.0
240.0,21,3.0,1.0,0.0,0.0,0,0.0,0.0,0.0,0.0,250000.0
230.0,7,3.0,2.0,1.0,0.0,0,0.0,1.0,1.0,1.0,780000.0
230.0,14,3.0,3.0,0.0,0.0,0,0.0,1.0,1.0,1.0,760000.0
230.0,21,3.0,2.0,0.0,0.0,0,0.0,0.0,1.0,0.0,650000.0
230.0,16,3.0,2.0,1.0,0.0,0,0.0,1.0,1.0,1.0,520000.0
230.0,76,3.0,1.0,1.0,0.0,0,0.0,0.0,0.0,0.0,500000.0
230.0,25,3.0,1.0,0.0,0.0,0,0.0,0.0,1.0,0.0,430000.0
228.0,16,3.0,3.0,1.0,1.0,0,0.0,1.0,1.0,1.0,645000.0
228.0,16,3.0,3.0,0.0,1.0,0,0.0,1.0,1.0,1.0,644000.0
228.0,16,3.0,3.0,1.0,0.0,0,0.0,1.0,1.0,1.0,480000.0
225.0,12,3.0,2.0,1.0,1.0,1,0.0,1.0,1.0,0.0,800000.0
225.0,16,3.0,1.0,1.0,0.0,0,0.0,0.0,0.0,0.0,640000.0
224.0,12,4.0,3.0,0.0,0.0,0,0.0,1.0,0.0,1.0,673000.0
221.0,16,4.0,1.0,0.0,0.0,0,0.0,1.0,1.0,0.0,560000.0
221.0,16,4.0,2.0,0.0,0.0,0,0.0,1.0,1.0,0.0,560000.0
220.0,10,3.0,2.0,0.0,0.0,0,0.0,0.0,0.0,0.0,990000.0
220.0,12,3.0,2.0,1.0,0.0,1,0.0,1.0,1.0,0.0,950000.0
220.0,7,3.0,2.0,0.0,0.0,0,0.0,1.0,0.0,1.0,765000.0
220.0,28,3.0,2.0,0.0,0.0,0,0.0,1.0,1.0,1.0,596000.0
219.0,12,3.0,3.0,1.0,0.0,1,0.0,1.0,1.0,1.0,1200000.0
219.0,12,3.0,3.0,1.0,0.0,0,0.0,1.0,1.0,1.0,1200000.0
216.0,12,3.0,2.0,1.0,0.0,0,0.0,1.0,1.0,0.0,750000.0
215.0,7,3.0,2.0,1.0,0.0,1,0.0,1.0,1.0,1.0,690000.0
214.0,12,3.0,2.0,1.0,0.0,0,0.0,1.0,1.0,1.0,510000.0
212.0,12,3.0,2.0,1.0,0.0,0,0.0,1.0,1.0,1.0,790000.0
210.0,12,3.0,2.0,0.0,0.0,1,0.0,0.0,0.0,1.0,1250000.0
210.0,12,4.0,3.0,0.0,0.0,1,0.0,1.0,1.0,0.0,1150000.0
210.0,12,4.0,2.0,0.0,0.0,1,0.0,0.0,0.0,0.0,950000.0
210.0,16,3.0,3.0,1.0,1.0,0,0.0,1.0,1.0,0.0,870000.0
210.0,7,3.0,3.0,1.0,0.0,0,0.0,1.0,1.0,1.0,700000.0
210.0,14,3.0,2.0,1.0,0.0,0,0.0,1.0,1.0,0.0,550000.0
210.0,28,3.0,2.0,1.0,1.0,0,0.0,1.0,1.0,0.0,430000.0
210.0,14,3.0,2.0,0.0,0.0,0,0.0,1.0,1.0,1.0,410000.0
210.0,33,3.0,2.0,0.0,0.0,0,0.0,0.0,0.0,0.0,300000.0
209.0,12,3.0,1.0,0.0,0.0,0,0.0,0.0,0.0,0.0,320000.0
208.0,28,3.0,3.0,0.0,0.0,0,0.0,1.0,1.0,1.0,570000.0
207.0,12,3.0,3.0,1.0,0.0,0,0.0,1.0,1.0,1.0,725375.0
207.0,12,3.0,3.0,1.0,1.0,0,0.0,1.0,1.0,1.0,725000.0
204.0,16,3.0,2.0,0.0,0.0,0,0.0,1.0,1.0,1.0,450000.0
203.0,28,4.0,2.0,1.0,0.0,0,0.0,1.0,1.0,1.0,630000.0
203.0,12,3.0,2.0,1.0,0.0,0,0.0,1.0,1.0,0.0,530000.0
202.0,12,3.0,3.0,1.0,0.0,0,0.0,1.0,1.0,1.0,900000.0
200.0,7,3.0,2.0,1.0,0.0,0,0.0,1.0,1.0,0.0,800000.0
200.0,7,3.0,1.0,0.0,0.0,0,0.0,1.0,1.0,1.0,720000.0
200.0,35,3.0,1.0,1.0,1.0,0,0.0,0.0,1.0,0.0,699000.0
200.0,28,3.0,1.0,1.0,0.0,1,0.0,1.0,1.0,0.0,550000.0
200.0,14,3.0,2.0,1.0,0.0,0,0.0,1.0,1.0,1.0,550000.0
200.0,12,3.0,1.0,0.0,0.0,0,0.0,0.0,0.0,0.0,520000.0
200.0,16,3.0,3.0,1.0,0.0,0,0.0,1.0,1.0,0.0,485000.0
200.0,16,3.0,1.0,0.0,0.0,0,0.0,0.0,0.0,0.0,450000.0
200.0,14,3.0,1.0,0.0,0.0,0,0.0,1.0,1.0,0.0,450000.0
200.0,58,3.0,2.0,0.0,0.0,0,0.0,0.0,1.0,0.0,420000.0
200.0,12,3.0,3.0,1.0,0.0,0,0.0,1.0,1.0,0.0,420000.0
200.0,58,3.0,2.0,1.0,0.0,0,0.0,1.0,1.0,0.0,360000.0
200.0,76,3.0,2.0,1.0,0.0,0,0.0,1.0,1.0,0.0,350000.0
200.0,64,3.0,1.0,1.0,0.0,1,0.0,0.0,0.0,0.0,140000.0
198.0,12,3.0,2.0,0.0,0.0,0,0.0,1.0,1.0,0.0,780000.0
198.0,12,3.0,3.0,1.0,0.0,1,0.0,1.0,1.0,1.0,657497.0
197.0,7,3.0,2.0,1.0,0.0,0,0.0,1.0,1.0,1.0,785000.0
196.0,28,3.0,2.0,1.0,0.0,0,0.0,1.0,1.0,1.0,580000.0
196.0,12,3.0,2.0,0.0,0.0,0,0.0,0.0,1.0,0.0,485000.0
196.0,16,3.0,2.0,1.0,0.0,0,0.0,1.0,1.0,1.0,420000.0
195.0,12,3.0,3.0,1.0,1.0,0,0.0,1.0,1.0,0.0,1800000.0
195.0,12,3.0,3.0,1.0,0.0,0,0.0,1.0,1.0,1.0,580000.0
194.0,28,3.0,2.0,0.0,0.0,0,0.0,1.0,1.0,1.0,525000.0
192.0,7,3.0,3.0,0.0,0.0,0,0.0,1.0,1.0,1.0,850000.0
191.0,28,3.0,3.0,1.0,0.0,0,0.0,1.0,1.0,1.0,600000.0
190.0,12,3.0,2.0,1.0,0.0,0,0.0,1.0,1.0,1.0,836000.0
190.0,12,3.0,3.0,1.0,1.0,1,0.0,1.0,1.0,1.0,800000.0
190.0,12,3.0,2.0,0.0,1.0,0,0.0,0.0,0.0,0.0,797000.0
190.0,12,3.0,2.0,1.0,1.0,0,0.0,1.0,1.0,1.0,795000.0
190.0,16,4.0,2.0,1.0,1.0,0,0.0,1.0,1.0,0.0,780000.0
189.0,7,3.0,3.0,0.0,0.0,0,0.0,1.0,1.0,1.0,850500.0
188.0,12,3.0,2.0,1.0,0.0,0,0.0,1.0,1.0,1.0,615000.0
188.0,28,3.0,2.0,1.0,0.0,1,0.0,1.0,1.0,1.0,445000.0
187.0,16,3.0,2.0,1.0,0.0,0,0.0,0.0,1.0,1.0,670000.0
187.0,16,3.0,3.0,1.0,1.0,0,0.0,1.0,1.0,1.0,580000.0
186.0,28,4.0,2.0,1.0,0.0,0,0.0,0.0,1.0,1.0,440000.0
185.0,16,3.0,1.0,0.0,0.0,0,0.0,0.0,0.0,0.0,370000.0
183.0,12,3.0,3.0,1.0,1.0,0,0.0,1.0,1.0,0.0,1800000.0
183.0,28,3.0,2.0,1.0,0.0,1,0.0,1.0,1.0,1.0,400000.0
180.0,12,3.0,2.0,1.0,0.0,0,0.0,1.0,1.0,1.0,720000.0
180.0,7,3.0,2.0,1.0,0.0,0,0.0,1.0,1.0,1.0,670000.0
180.0,16,3.0,2.0,1.0,0.0,0,0.0,1.0,1.0,1.0,660000.0
180.0,16,4.0,2.0,0.0,0.0,0,0.0,1.0,1.0,0.0,580000.0
180.0,16,3.0,3.0,0.0,1.0,0,0.0,1.0,1.0,0.0,550000.0
180.0,12,4.0,2.0,1.0,0.0,0,0.0,1.0,1.0,0.0,540000.0
180.0,7,3.0,2.0,1.0,0.0,0,0.0,1.0,1.0,0.0,510000.0
180.0,28,3.0,3.0,0.0,0.0,0,0.0,1.0,1.0,1.0,470000.0
180.0,28,3.0,3.0,0.0,0.0,0,0.0,1.0,1.0,1.0,420000.0
180.0,28,3.0,2.0,1.0,0.0,0,0.0,1.0,1.0,1.0,405000.0
180.0,28,3.0,2.0,0.0,0.0,1,0.0,1.0,1.0,1.0,390000.0
180.0,16,5.0,2.0,0.0,0.0,0,0.0,1.0,1.0,1.0,375000.0
180.0,12,3.0,2.0,1.0,0.0,0,0.0,0.0,1.0,1.0,305000.0
180.0,33,3.0,1.0,0.0,0.0,0,0.0,0.0,0.0,0.0,250000.0
178.0,28,3.0,3.0,1.0,0.0,0,0.0,1.0,1.0,0.0,550000.0
175.0,28,3.0,3.0,1.0,0.0,0,0.0,1.0,1.0,0.0,600000.0
175.0,28,3.0,2.0,0.0,0.0,0,0.0,1.0,1.0,1.0,490000.0
175.0,16,3.0,2.0,0.0,0.0,0,0.0,1.0,1.0,0.0,490000.0
174.0,12,3.0,2.0,0.0,0.0,0,0.0,1.0,1.0,1.0,800000.0
174.0,12,3.0,2.0,1.0,0.0,0,0.0,1.0,1.0,1.0,670000.0
173.0,7,3.0,3.0,1.0,0.0,0,0.0,1.0,1.0,1.0,580000.0
173.0,28,3.0,2.0,0.0,0.0,1,0.0,1.0,1.0,1.0,455000.0
172.0,7,3.0,2.0,1.0,0.0,0,0.0,1.0,1.0,1.0,765000.0
172.0,12,3.0,2.0,1.0,0.0,0,0.0,1.0,1.0,1.0,708000.0
172.0,12,3.0,3.0,1.0,0.0,0,0.0,1.0,1.0,1.0,650000.0
171.0,28,3.0,2.0,0.0,0.0,0,0.0,1.0,1.0,1.0,480000.0
170.0,12,3.0,3.0,0.0,1.0,0,0.0,1.0,1.0,1.0,674000.0
170.0,12,3.0,3.0,1.0,0.0,0,0.0,1.0,1.0,0.0,555000.0
170.0,46,3.0,1.0,1.0,0.0,0,0.0,0.0,0.0,0.0,550000.0
170.0,16,3.0,2.0,1.0,0.0,0,0.0,1.0,1.0,1.0,485000.0
170.0,28,3.0,2.0,1.0,0.0,0,0.0,1.0,1.0,1.0,450000.0
170.0,12,3.0,3.0,1.0,0.0,0,0.0,1.0,1.0,1.0,420000.0
170.0,28,3.0,2.0,0.0,0.0,0,0.0,1.0,1.0,0.0,410000.0
170.0,16,3.0,2.0,1.0,0.0,0,0.0,1.0,1.0,1.0,405000.0
170.0,33,4.0,2.0,0.0,0.0,0,0.0,0.0,0.0,0.0,280000.0
170.0,76,3.0,1.0,0.0,0.0,0,0.0,0.0,0.0,0.0,175000.0
168.0,12,3.0,2.0,0.0,0.0,0,0.0,1.0,1.0,0.0,900000.0
168.0,12,3.0,2.0,1.0,0.0,0,0.0,1.0,1.0,1.0,800000.0
168.0,12,3.0,3.0,0.0,0.0,0,0.0,1.0,1.0,0.0,500000.0
168.0,21,3.0,2.0,0.0,0.0,0,0.0,1.0,1.0,1.0,487200.0
168.0,16,3.0,1.0,1.0,0.0,0,0.0,1.0,1.0,1.0,464000.0
167.0,28,3.0,3.0,1.0,0.0,0,0.0,1.0,1.0,1.0,537000.0
167.0,7,3.0,3.0,1.0,0.0,0,0.0,1.0,1.0,1.0,530000.0
167.0,12,3.0,2.0,1.0,0.0,0,0.0,1.0,1.0,1.0,490000.0
166.0,7,3.0,3.0,1.0,0.0,0,0.0,1.0,1.0,1.0,679000.0
166.0,7,3.0,3.0,1.0,0.0,0,0.0,1.0,1.0,1.0,664880.0
166.0,12,3.0,2.0,0.0,0.0,0,0.0,1.0,1.0,1.0,630000.0
165.0,12,3.0,3.0,1.0,0.0,1,0.0,1.0,1.0,1.0,880000.0
165.0,12,3.0,3.0,1.0,1.0,0,0.0,1.0,1.0,1.0,810000.0
165.0,16,3.0,2.0,1.0,0.0,0,0.0,1.0,1.0,1.0,474600.0
165.0,14,3.0,3.0,1.0,1.0,0,0.0,1.0,1.0,1.0,462000.0
165.0,16,3.0,1.0,1.0,0.0,0,0.0,1.0,1.0,0.0,410000.0
165.0,12,3.0,2.0,0.0,0.0,0,0.0,0.0,1.0,1.0,320000.0
165.0,12,3.0,2.0,1.0,0.0,0,0.0,0.0,1.0,1.0,255000.0
164.0,12,3.0,2.0,1.0,1.0,0,0.0,1.0,1.0,1.0,676000.0
164.0,12,3.0,2.0,1.0,0.0,0,0.0,1.0,1.0,1.0,492000.0
164.0,41,3.0,2.0,0.0,0.0,0,0.0,1.0,1.0,1.0,399000.0
163.0,62,3.0,2.0,0.0,0.0,0,0.0,0.0,1.0,0.0,270000.0
162.0,7,3.0,1.0,0.0,0.0,0,0.0,1.0,1.0,1.0,720000.0
162.0,7,3.0,2.0,0.0,0.0,0,0.0,1.0,1.0,1.0,640000.0
162.0,10,3.0,1.0,0.0,0.0,0,0.0,1.0,1.0,1.0,640000.0
162.0,12,3.0,1.0,0.0,0.0,0,0.0,0.0,0.0,0.0,550000.0
162.0,12,3.0,1.0,1.0,0.0,0,0.0,1.0,1.0,1.0,427000.0
162.0,16,3.0,1.0,0.0,0.0,0,0.0,1.0,1.0,1.0,403500.0
161.0,16,3.0,1.0,0.0,0.0,0,0.0,1.0,1.0,0.0,450000.0
161.0,16,3.0,2.0,0.0,0.0,0,0.0,1.0,1.0,1.0,403500.0
160.0,10,3.0,3.0,0.0,0.0,0,0.0,1.0,1.0,1.0,640000.0
160.0,16,3.0,1.0,0.0,0.0,0,0.0,1.0,1.0,1.0,530000.0
160.0,16,3.0,3.0,1.0,0.0,0,0.0,1.0,1.0,1.0,510000.0
160.0,16,3.0,2.0,1.0,0.0,1,0.0,1.0,1.0,1.0,490000.0
160.0,28,3.0,2.0,1.0,0.0,0,0.0,1.0,1.0,0.0,470000.0
160.0,12,3.0,3.0,1.0,0.0,0,0.0,1.0,1.0,1.0,460000.0
160.0,16,3.0,2.0,0.0,0.0,0,0.0,1.0,1.0,1.0,448000.0
160.0,16,3.0,1.0,0.0,0.0,0,0.0,1.0,1.0,0.0,445000.0
160.0,28,3.0,3.0,1.0,0.0,0,0.0,1.0,1.0,0.0,430000.0
160.0,7,3.0,2.0,0.0,0.0,0,0.0,0.0,0.0,0.0,400000.0
160.0,12,3.0,2.0,1.0,0.0,1,0.0,1.0,1.0,1.0,400000.0
160.0,28,3.0,3.0,0.0,0.0,0,0.0,0.0,0.0,0.0,350000.0
160.0,28,3.0,3.0,0.0,0.0,0,0.0,1.0,1.0,1.0,340000.0
160.0,39,3.0,2.0,1.0,0.0,0,0.0,0.0,0.0,0.0,300000.0
160.0,16,3.0,1.0,0.0,0.0,0,0.0,1.0,1.0,0.0,279000.0
160.0,28,3.0,2.0,0.0,0.0,0,0.0,1.0,1.0,1.0,275000.0
160.0,74,3.0,2.0,0.0,0.0,0,0.0,0.0,1.0,0.0,249000.0
160.0,64,3.0,2.0,0.0,0.0,1,0.0,0.0,1.0,1.0,243000.0
160.0,43,4.0,1.0,0.0,0.0,0,0.0,0.0,0.0,0.0,140000.0
159.0,12,3.0,2.0,1.0,0.0,0,0.0,1.0,1.0,1.0,530000.0
159.0,61,3.0,2.0,1.0,0.0,0,0.0,1.0,1.0,1.0,302000.0
158.0,7,3.0,1.0,0.0,0.0,0,0.0,1.0,1.0,1.0,640000.0
158.0,12,3.0,2.0,1.0,0.0,0,0.0,0.0,0.0,0.0,460000.0
158.0,12,3.0,2.0,1.0,0.0,0,0.0,1.0,1.0,1.0,460000.0
158.0,12,3.0,2.0,1.0,0.0,0,0.0,0.0,1.0,1.0,450000.0
158.0,12,3.0,1.0,1.0,0.0,0,0.0,1.0,1.0,1.0,431000.0
157.0,7,3.0,2.0,1.0,0.0,0,0.0,1.0,1.0,1.0,540000.0
157.0,16,3.0,2.0,1.0,0.0,0,0.0,1.0,1.0,1.0,485000.0
157.0,58,3.0,3.0,0.0,0.0,0,0.0,1.0,1.0,0.0,399000.0
157.0,12,3.0,2.0,0.0,0.0,1,0.0,1.0,1.0,0.0,370000.0
157.0,12,3.0,2.0,0.0,0.0,0,0.0,1.0,1.0,1.0,368950.0
156.0,12,3.0,3.0,1.0,1.0,1,0.0,1.0,1.0,1.0,740000.0
156.0,16,3.0,2.0,1.0,0.0,0,0.0,0.0,0.0,0.0,510000.0
156.0,16,3.0,3.0,1.0,0.0,0,0.0,1.0,1.0,1.0,470000.0
156.0,14,3.0,2.0,0.0,0.0,0,0.0,0.0,0.0,0.0,350000.0
156.0,35,3.0,2.0,0.0,0.0,1,0.0,1.0,0.0,1.0,340000.0
155.0,16,4.0,1.0,0.0,0.0,0,0.0,0.0,0.0,0.0,630000.0
155.0,12,3.0,2.0,1.0,0.0,0,0.0,1.0,1.0,1.0,430000.0
155.0,45,3.0,2.0,1.0,0.0,0,0.0,1.0,1.0,1.0,300000.0
155.0,58,3.0,2.0,0.0,0.0,0,0.0,0.0,0.0,1.0,170000.0
154.0,7,3.0,3.0,1.0,0.0,0,0.0,1.0,1.0,1.0,745000.0
154.0,14,3.0,2.0,0.0,0.0,0,0.0,1.0,1.0,0.0,450000.0
154.0,12,3.0,1.0,1.0,0.0,0,0.0,1.0,1.0,1.0,420000.0
154.0,28,3.0,2.0,0.0,0.0,0,0.0,1.0,1.0,1.0,280000.0
153.0,12,2.0,2.0,0.0,0.0,0,0.0,1.0,1.0,0.0,610000.0
153.0,12,3.0,2.0,1.0,0.0,0,0.0,1.0,1.0,1.0,320000.0
152.0,7,3.0,3.0,1.0,0.0,0,0.0,1.0,1.0,1.0,732000.0
152.0,12,3.0,2.0,1.0,0.0,0,0.0,1.0,1.0,1.0,350000.0
151.0,12,3.0,3.0,0.0,0.0,0,0.0,1.0,1.0,1.0,450000.0
151.0,62,3.0,2.0,1.0,0.0,1,0.0,1.0,1.0,1.0,255000.0
150.0,12,3.0,2.0,1.0,0.0,0,0.0,1.0,1.0,1.0,760000.0
150.0,7,3.0,3.0,1.0,0.0,0,0.0,1.0,1.0,1.0,750000.0
150.0,12,3.0,2.0,1.0,0.0,0,0.0,0.0,1.0,0.0,650000.0
150.0,12,3.0,1.0,1.0,0.0,0,0.0,1.0,1.0,1.0,490000.0
150.0,28,3.0,3.0,0.0,0.0,0,0.0,1.0,1.0,1.0,460000.0
150.0,28,3.0,1.0,0.0,0.0,0,0.0,1.0,1.0,1.0,420000.0
150.0,21,3.0,2.0,0.0,0.0,0,0.0,1.0,1.0,1.0,420000.0
150.0,28,3.0,3.0,0.0,0.0,0,0.0,1.0,1.0,1.0,415000.0
150.0,28,3.0,2.0,1.0,0.0,0,0.0,1.0,1.0,1.0,330000.0
150.0,62,3.0,2.0,0.0,0.0,0,0.0,0.0,0.0,0.0,320000.0
150.0,61,3.0,2.0,0.0,0.0,0,0.0,0.0,1.0,0.0,310000.0
150.0,28,3.0,2.0,1.0,0.0,0,0.0,1.0,1.0,0.0,250000.0
150.0,28,3.0,1.0,0.0,0.0,0,0.0,1.0,1.0,0.0,245000.0
150.0,21,3.0,2.0,0.0,0.0,1,0.0,1.0,1.0,0.0,220000.0
149.0,61,3.0,1.0,1.0,0.0,0,0.0,1.0,0.0,1.0,281200.0
148.0,28,3.0,2.0,1.0,0.0,0,0.0,1.0,1.0,1.0,453000.0
148.0,14,3.0,2.0,0.0,0.0,0,0.0,1.0,1.0,1.0,385000.0
148.0,12,3.0,2.0,0.0,0.0,0,0.0,1.0,1.0,0.0,320000.0
148.0,28,3.0,1.0,0.0,0.0,0,0.0,1.0,1.0,1.0,252000.0
147.0,28,3.0,2.0,0.0,0.0,0,0.0,1.0,1.0,1.0,340000.0
147.0,28,3.0,2.0,0.0,0.0,0,0.0,1.0,1.0,1.0,330000.0
147.0,28,3.0,2.0,0.0,0.0,0,0.0,1.0,1.0,1.0,315000.0
147.0,28,3.0,2.0,0.0,0.0,0,0.0,1.0,1.0,0.0,290000.0
147.0,61,3.0,2.0,1.0,0.0,0,0.0,1.0,1.0,1.0,265500.0
146.0,28,3.0,2.0,1.0,0.0,0,0.0,1.0,1.0,1.0,330000.0
146.0,69,3.0,1.0,0.0,0.0,0,0.0,0.0,0.0,0.0,260000.0
145.0,12,3.0,2.0,1.0,0.0,0,0.0,0.0,0.0,1.0,385000.0
145.0,12,3.0,2.0,1.0,0.0,0,0.0,1.0,1.0,1.0,375000.0
145.0,41,3.0,2.0,0.0,0.0,0,0.0,1.0,1.0,0.0,265000.0
145.0,35,3.0,2.0,0.0,0.0,1,0.0,0.0,1.0,1.0,265000.0
145.0,69,3.0,1.0,0.0,0.0,0,0.0,0.0,0.0,0.0,260000.0
144.0,12,3.0,2.0,1.0,0.0,0,0.0,1.0,1.0,0.0,420000.0
144.0,12,3.0,1.0,0.0,0.0,0,0.0,1.0,1.0,0.0,375000.0
144.0,45,3.0,2.0,1.0,0.0,0,0.0,1.0,1.0,1.0,350000.0
143.0,45,3.0,1.0,0.0,0.0,0,0.0,1.0,1.0,1.0,350000.0
143.0,45,3.0,1.0,1.0,0.0,0,0.0,1.0,1.0,1.0,344352.0
143.0,16,3.0,1.0,0.0,0.0,0,0.0,0.0,0.0,1.0,271830.0
143.0,16,3.0,2.0,1.0,0.0,0,0.0,1.0,1.0,1.0,271830.0
142.0,28,3.0,1.0,1.0,0.0,0,0.0,1.0,1.0,1.0,377000.0
142.0,35,3.0,2.0,1.0,0.0,0,0.0,0.0,1.0,0.0,328000.0
142.0,28,3.0,2.0,0.0,0.0,0,0.0,1.0,1.0,1.0,290000.0
142.0,58,3.0,2.0,1.0,0.0,0,0.0,1.0,1.0,1.0,275000.0
141.0,76,3.0,1.0,0.0,0.0,0,0.0,1.0,1.0,1.0,304000.0
141.0,41,3.0,1.0,0.0,0.0,0,0.0,0.0,0.0,0.0,275000.0
141.0,76,3.0,1.0,0.0,0.0,0,0.0,1.0,1.0,1.0,259000.0
141.0,76,3.0,1.0,0.0,0.0,0,0.0,0.0,1.0,0.0,259000.0
141.0,59,3.0,1.0,0.0,0.0,1,0.0,0.0,1.0,1.0,238000.0
140.0,7,3.0,1.0,0.0,1.0,0,0.0,1.0,1.0,1.0,672000.0
140.0,13,4.0,2.0,0.0,0.0,0,0.0,1.0,1.0,0.0,500000.0
140.0,28,3.0,3.0,0.0,0.0,0,0.0,1.0,1.0,1.0,450000.0
140.0,12,3.0,2.0,1.0,0.0,0,0.0,0.0,0.0,0.0,420000.0
140.0,28,3.0,2.0,0.0,0.0,0,0.0,0.0,1.0,0.0,419000.0
140.0,12,3.0,2.0,0.0,0.0,0,0.0,0.0,0.0,0.0,410000.0
140.0,16,3.0,2.0,0.0,0.0,0,0.0,0.0,1.0,1.0,399000.0
140.0,28,3.0,2.0,1.0,0.0,1,0.0,1.0,1.0,1.0,365000.0
140.0,28,3.0,1.0,1.0,0.0,0,0.0,1.0,1.0,1.0,360000.0
140.0,45,3.0,1.0,0.0,0.0,0,0.0,1.0,1.0,1.0,320000.0
140.0,12,3.0,2.0,0.0,0.0,0,0.0,1.0,1.0,0.0,310000.0
140.0,16,3.0,1.0,0.0,0.0,0,0.0,0.0,1.0,0.0,300000.0
140.0,33,3.0,1.0,0.0,0.0,0,0.0,1.0,1.0,1.0,300000.0
140.0,12,3.0,2.0,1.0,0.0,0,0.0,1.0,1.0,1.0,290000.0
140.0,33,3.0,2.0,1.0,0.0,0,0.0,1.0,1.0,1.0,290000.0
140.0,76,3.0,1.0,0.0,0.0,0,0.0,1.0,1.0,1.0,284000.0
140.0,62,3.0,1.0,0.0,0.0,0,0.0,0.0,0.0,0.0,140000.0
139.0,28,3.0,2.0,1.0,0.0,0,0.0,1.0,1.0,1.0,330000.0
138.0,28,3.0,2.0,0.0,0.0,0,0.0,1.0,1.0,1.0,355000.0
138.0,12,3.0,2.0,1.0,0.0,0,0.0,0.0,1.0,1.0,269000.0
138.0,16,3.0,3.0,1.0,0.0,0,0.0,1.0,1.0,1.0,220000.0
137.0,12,3.0,2.0,1.0,0.0,0,0.0,1.0,1.0,0.0,350000.0
137.0,62,3.0,2.0,1.0,0.0,0,0.0,1.0,1.0,1.0,315100.0
136.0,62,3.0,2.0,0.0,0.0,0,0.0,1.0,1.0,1.0,308000.0
136.0,28,3.0,1.0,1.0,0.0,1,0.0,1.0,1.0,1.0,270000.0
135.0,14,3.0,1.0,1.0,0.0,0,0.0,1.0,1.0,1.0,450000.0
135.0,16,3.0,1.0,1.0,0.0,0,0.0,1.0,1.0,1.0,345000.0
135.0,45,3.0,2.0,1.0,0.0,0,0.0,1.0,1.0,1.0,326040.0
135.0,74,3.0,2.0,0.0,0.0,0,0.0,0.0,1.0,1.0,250000.0
135.0,46,3.0,1.0,1.0,0.0,0,0.0,1.0,1.0,0.0,240000.0
135.0,16,3.0,2.0,1.0,0.0,0,0.0,1.0,1.0,1.0,237500.0
135.0,35,3.0,1.0,0.0,0.0,1,0.0,1.0,1.0,1.0,230000.0
134.0,12,3.0,2.0,1.0,0.0,0,0.0,1.0,1.0,1.0,372000.0
134.0,28,2.0,2.0,1.0,0.0,0,0.0,1.0,1.0,1.0,339000.0
134.0,46,3.0,1.0,0.0,0.0,0,0.0,1.0,0.0,0.0,338000.0
134.0,16,3.0,1.0,0.0,0.0,0,0.0,1.0,1.0,0.0,260000.0
133.0,16,3.0,2.0,0.0,0.0,0,0.0,1.0,1.0,1.0,320000.0
132.0,7,3.0,3.0,1.0,0.0,0,0.0,1.0,1.0,1.0,570000.0
132.0,7,3.0,1.0,0.0,0.0,0,0.0,1.0,1.0,1.0,570000.0
132.0,16,3.0,1.0,0.0,0.0,0,0.0,1.0,1.0,0.0,330000.0
132.0,16,3.0,2.0,1.0,0.0,0,0.0,1.0,1.0,0.0,325000.0
132.0,28,3.0,2.0,1.0,0.0,0,0.0,1.0,1.0,1.0,295000.0
132.0,16,3.0,2.0,1.0,0.0,0,0.0,1.0,1.0,1.0,224000.0
131.0,16,3.0,2.0,0.0,0.0,0,0.0,1.0,1.0,1.0,380000.0
131.0,12,3.0,1.0,0.0,0.0,0,0.0,0.0,1.0,0.0,250000.0
130.0,28,3.0,2.0,0.0,0.0,1,0.0,1.0,1.0,1.0,360000.0
130.0,21,3.0,2.0,1.0,0.0,0,0.0,1.0,1.0,0.0,350000.0
130.0,62,3.0,2.0,1.0,0.0,0,0.0,0.0,1.0,1.0,270000.0
130.0,33,3.0,2.0,0.0,0.0,0,0.0,0.0,1.0,0.0,265000.0
130.0,12,3.0,2.0,0.0,0.0,0,0.0,1.0,1.0,0.0,235000.0
130.0,41,3.0,1.0,0.0,0.0,0,0.0,0.0,0.0,0.0,230000.0
130.0,28,3.0,1.0,1.0,0.0,0,0.0,1.0,1.0,1.0,220000.0
129.0,10,3.0,2.0,0.0,0.0,0,0.0,0.0,0.0,0.0,470000.0
129.0,16,3.0,2.0,1.0,0.0,0,0.0,1.0,1.0,0.0,315000.0
129.0,43,3.0,2.0,0.0,0.0,0,0.0,1.0,1.0,1.0,206400.0
129.0,16,3.0,2.0,0.0,0.0,0,0.0,1.0,1.0,1.0,206000.0
128.0,16,3.0,2.0,1.0,0.0,0,0.0,1.0,1.0,0.0,435000.0
128.0,16,3.0,2.0,0.0,0.0,0,0.0,0.0,1.0,1.0,380000.0
128.0,28,3.0,2.0,0.0,0.0,0,0.0,1.0,1.0,1.0,335000.0
128.0,35,3.0,2.0,0.0,0.0,0,0.0,0.0,1.0,0.0,288000.0
128.0,28,3.0,1.0,1.0,0.0,0,0.0,1.0,1.0,0.0,270000.0
128.0,12,3.0,1.0,0.0,0.0,0,0.0,0.0,1.0,1.0,270000.0
128.0,12,3.0,1.0,0.0,0.0,0,0.0,0.0,1.0,1.0,260000.0
128.0,7,3.0,1.0,0.0,0.0,0,0.0,0.0,1.0,1.0,90000.0
127.0,16,3.0,1.0,1.0,0.0,0,0.0,1.0,1.0,0.0,290000.0
127.0,74,3.0,2.0,0.0,0.0,1,0.0,1.0,1.0,1.0,230000.0
127.0,28,3.0,1.0,0.0,0.0,0,0.0,0.0,1.0,0.0,220000.0
127.0,16,2.0,2.0,0.0,0.0,0,0.0,1.0,1.0,1.0,210000.0
127.0,76,3.0,1.0,0.0,0.0,0,0.0,0.0,0.0,1.0,185000.0
126.0,28,3.0,1.0,0.0,0.0,0,0.0,1.0,1.0,0.0,260000.0
126.0,28,3.0,1.0,0.0,0.0,0,0.0,0.0,0.0,0.0,260000.0
126.0,69,3.0,1.0,1.0,0.0,1,0.0,1.0,1.0,1.0,190000.0
125.0,12,3.0,2.0,1.0,0.0,0,0.0,1.0,1.0,1.0,430000.0
125.0,14,2.0,2.0,1.0,1.0,1,0.0,1.0,1.0,1.0,395000.0
125.0,12,3.0,2.0,0.0,0.0,0,0.0,0.0,0.0,0.0,350000.0
125.0,12,3.0,1.0,1.0,0.0,0,0.0,1.0,1.0,1.0,293000.0
124.0,28,3.0,2.0,0.0,0.0,0,0.0,1.0,1.0,1.0,321000.0
124.0,16,3.0,1.0,0.0,0.0,0,0.0,1.0,1.0,0.0,230000.0
124.0,76,3.0,2.0,0.0,0.0,0,0.0,0.0,1.0,0.0,195000.0
120.0,10,3.0,2.0,0.0,0.0,1,0.0,1.0,1.0,0.0,980000.0
120.0,12,3.0,2.0,1.0,0.0,0,0.0,1.0,1.0,0.0,520000.0
120.0,14,3.0,1.0,0.0,0.0,0,0.0,0.0,0.0,0.0,470000.0
120.0,16,3.0,2.0,1.0,0.0,0,0.0,1.0,1.0,0.0,400000.0
120.0,28,3.0,2.0,0.0,0.0,0,0.0,1.0,1.0,0.0,345000.0
120.0,14,3.0,2.0,1.0,0.0,0,0.0,1.0,1.0,1.0,340000.0
120.0,28,3.0,2.0,1.0,0.0,0,0.0,1.0,1.0,1.0,320000.0
120.0,12,3.0,1.0,0.0,0.0,0,0.0,0.0,1.0,1.0,235000.0
120.0,16,3.0,2.0,1.0,0.0,0,0.0,1.0,1.0,0.0,175000.0
120.0,90,3.0,1.0,1.0,0.0,0,0.0,1.0,1.0,1.0,158040.0
120.0,58,3.0,1.0,0.0,0.0,0,0.0,1.0,1.0,1.0,150000.0
119.0,62,3.0,1.0,0.0,0.0,0,0.0,0.0,1.0,1.0,210000.0
119.0,35,3.0,1.0,0.0,0.0,0,0.0,0.0,0.0,0.0,184000.0
119.0,33,3.0,1.0,0.0,0.0,0,0.0,0.0,0.0,0.0,150000.0
118.0,12,3.0,2.0,1.0,0.0,0,0.0,1.0,1.0,1.0,280000.0
118.0,70,3.0,2.0,1.0,0.0,0,0.0,1.0,1.0,1.0,164000.0
117.0,12,2.0,2.0,1.0,0.0,0,0.0,1.0,1.0,1.0,480000.0
117.0,35,3.0,2.0,1.0,0.0,1,0.0,1.0,1.0,1.0,240000.0
116.0,12,3.0,1.0,1.0,0.0,0,0.0,1.0,1.0,1.0,260000.0
115.0,25,2.0,1.0,0.0,0.0,0,0.0,0.0,0.0,0.0,290000.0
115.0,41,3.0,2.0,0.0,0.0,1,0.0,1.0,1.0,1.0,279000.0
115.0,45,3.0,2.0,1.0,0.0,0,0.0,1.0,1.0,1.0,278000.0
115.0,28,3.0,1.0,0.0,0.0,0,0.0,1.0,1.0,0.0,225000.0
114.0,33,3.0,1.0,0.0,0.0,0,0.0,1.0,1.0,0.0,350000.0
113.0,25,3.0,1.0,0.0,0.0,0,0.0,1.0,1.0,0.0,600000.0
112.0,62,3.0,1.0,0.0,0.0,1,0.0,0.0,0.0,0.0,160000.0
111.0,90,3.0,1.0,1.0,0.0,0,0.0,1.0,1.0,1.0,146187.0
110.0,28,3.0,2.0,0.0,0.0,0,0.0,0.0,1.0,0.0,275000.0
110.0,43,4.0,2.0,1.0,0.0,0,0.0,0.0,0.0,0.0,250000.0
110.0,28,3.0,1.0,0.0,0.0,0,0.0,0.0,0.0,1.0,180000.0
110.0,35,3.0,2.0,0.0,0.0,0,0.0,0.0,0.0,0.0,170000.0
109.0,16,3.0,1.0,0.0,0.0,0,0.0,0.0,0.0,0.0,200000.0
108.0,12,3.0,2.0,0.0,0.0,0,0.0,1.0,1.0,1.0,360000.0
107.0,45,3.0,1.0,0.0,0.0,0,0.0,1.0,1.0,1.0,195000.0
106.0,28,3.0,2.0,0.0,0.0,0,0.0,1.0,1.0,1.0,315000.0
105.0,14,3.0,1.0,0.0,0.0,0,0.0,0.0,0.0,0.0,240000.0
105.0,76,3.0,1.0,0.0,0.0,1,0.0,1.0,0.0,0.0,138000.0
102.0,35,3.0,2.0,0.0,0.0,0,0.0,0.0,0.0,0.0,147000.0
102.0,61,3.0,1.0,0.0,0.0,0,0.0,1.0,1.0,0.0,145000.0
101.0,7,3.0,1.0,0.0,0.0,0,0.0,0.0,1.0,1.0,95000.0
100.0,10,3.0,2.0,0.0,0.0,0,0.0,1.0,1.0,0.0,350000.0
100.0,14,3.0,2.0,0.0,0.0,0,0.0,1.0,1.0,0.0,350000.0
100.0,38,3.0,1.0,0.0,0.0,0,0.0,1.0,1.0,1.0,275000.0
100.0,28,3.0,1.0,0.0,0.0,0,0.0,0.0,0.0,0.0,270000.0
100.0,38,3.0,2.0,0.0,0.0,0,0.0,0.0,0.0,0.0,180000.0
100.0,62,3.0,2.0,1.0,0.0,1,0.0,0.0,0.0,0.0,175000.0
100.0,62,3.0,2.0,1.0,0.0,1,0.0,0.0,0.0,0.0,175000.0
100.0,69,3.0,2.0,0.0,0.0,1,0.0,0.0,0.0,0.0,160000.0
100.0,58,3.0,2.0,0.0,0.0,0,0.0,1.0,0.0,0.0,155000.0
100.0,16,3.0,1.0,0.0,0.0,0,0.0,1.0,1.0,1.0,150000.0
100.0,43,3.0,1.0,1.0,0.0,1,0.0,1.0,1.0,1.0,150000.0
100.0,77,3.0,1.0,0.0,0.0,0,0.0,0.0,0.0,0.0,140000.0
100.0,76,3.0,1.0,0.0,0.0,0,0.0,0.0,0.0,0.0,125000.0
99.0,14,3.0,2.0,0.0,0.0,0,0.0,1.0,1.0,1.0,285000.0
97.0,35,3.0,1.0,0.0,0.0,0,0.0,0.0,0.0,0.0,178000.0
95.0,33,3.0,1.0,0.0,0.0,0,0.0,0.0,0.0,0.0,160000.0
95.0,70,4.0,1.0,0.0,0.0,0,0.0,0.0,0.0,0.0,139000.0
91.0,58,3.0,1.0,0.0,0.0,0,0.0,0.0,1.0,0.0,195000.0
85.0,76,4.0,1.0,0.0,0.0,0,0.0,0.0,0.0,0.0,150000.0
82.0,10,3.0,1.0,0.0,0.0,0,0.0,1.0,1.0,0.0,178000.0
82.0,76,3.0,1.0,1.0,0.0,0,0.0,0.0,0.0,1.0,130000.0
81.0,58,3.0,1.0,0.0,0.0,1,0.0,0.0,1.0,0.0,160000.0
80.0,65,4.0,3.0,0.0,0.0,0,0.0,0.0,0.0,0.0,150000.0
80.0,76,3.0,1.0,1.0,0.0,0,0.0,0.0,0.0,0.0,145000.0
80.0,74,3.0,1.0,0.0,0.0,0,0.0,0.0,0.0,0.0,77000.0
75.0,76,3.0,1.0,0.0,0.0,0,0.0,1.0,0.0,0.0,132000.0
74.0,28,3.0,2.0,1.0,0.0,0,0.0,1.0,1.0,1.0,299400.0
70.0,38,2.0,1.0,0.0,0.0,0,0.0,0.0,0.0,0.0,175000.0
70.0,58,3.0,2.0,0.0,0.0,0,0.0,0.0,0.0,0.0,150000.0
64.0,59,3.0,2.0,1.0,0.0,0,0.0,0.0,0.0,1.0,300000.0
62.0,12,1.0,1.0,0.0,0.0,0,0.0,1.0,1.0,1.0,160000.0
46.0,69,1.0,1.0,0.0,0.0,0,0.0,0.0,0.0,0.0,125000.0
600.0,61,2.0,2.0,1.0,0.0,0,0.0,0.0,0.0,0.0,650000.0
471.0,12,5.0,4.0,1.0,1.0,0,0.0,1.0,1.0,0.0,850000.0
460.0,12,2.0,2.0,1.0,0.0,0,0.0,1.0,1.0,0.0,1250000.0
450.0,12,2.0,1.0,0.0,0.0,0,0.0,0.0,0.0,0.0,800000.0
430.0,28,3.0,3.0,1.0,0.0,1,0.0,1.0,1.0,1.0,800000.0
424.0,16,4.0,4.0,1.0,1.0,0,0.0,1.0,1.0,0.0,1450000.0
420.0,16,5.0,4.0,1.0,1.0,0,0.0,0.0,0.0,0.0,15000000.0
420.0,25,1.0,3.0,1.0,0.0,0,0.0,0.0,0.0,0.0,1200000.0
400.0,21,2.0,1.0,0.0,0.0,0,0.0,0.0,0.0,0.0,460000.0
370.0,12,2.0,1.0,1.0,0.0,0,0.0,0.0,0.0,0.0,495000.0
335.0,45,3.0,2.0,1.0,0.0,0,0.0,0.0,0.0,0.0,550000.0
335.0,36,2.0,1.0,0.0,0.0,0,0.0,0.0,0.0,0.0,365000.0
318.0,13,3.0,2.0,0.0,0.0,1,0.0,0.0,0.0,0.0,1500000.0
305.0,25,3.0,1.0,1.0,0.0,0,0.0,1.0,1.0,0.0,700000.0
300.0,28,3.0,3.0,1.0,0.0,0,0.0,1.0,1.0,1.0,700000.0
300.0,21,5.0,2.0,0.0,0.0,0,0.0,0.0,0.0,0.0,620000.0
300.0,21,2.0,1.0,0.0,0.0,0,0.0,0.0,0.0,0.0,350000.0
280.0,25,3.0,2.0,0.0,0.0,0,0.0,0.0,0.0,0.0,680000.0
266.0,16,3.0,2.0,0.0,0.0,0,0.0,0.0,0.0,0.0,850000.0
256.0,21,2.0,1.0,0.0,0.0,0,0.0,0.0,0.0,0.0,280000.0
250.0,16,3.0,2.0,1.0,1.0,0,0.0,1.0,1.0,0.0,880000.0
250.0,35,4.0,3.0,1.0,0.0,0,0.0,1.0,1.0,0.0,785000.0
250.0,45,3.0,1.0,1.0,0.0,0,0.0,0.0,0.0,0.0,270000.0
247.0,16,2.0,2.0,0.0,0.0,0,0.0,1.0,1.0,1.0,430000.0
243.0,28,4.0,2.0,0.0,0.0,0,0.0,1.0,1.0,1.0,450000.0
239.0,28,3.0,1.0,1.0,0.0,0,0.0,0.0,0.0,0.0,680000.0
230.0,13,2.0,3.0,1.0,0.0,0,0.0,1.0,1.0,0.0,490000.0
228.0,16,4.0,3.0,0.0,1.0,0,0.0,1.0,1.0,1.0,644000.0
225.0,7,3.0,3.0,1.0,0.0,0,0.0,1.0,1.0,1.0,680000.0
220.0,7,3.0,2.0,1.0,0.0,0,0.0,1.0,1.0,1.0,855000.0
220.0,28,2.0,2.0,0.0,0.0,0,0.0,1.0,1.0,1.0,370000.0
210.0,28,2.0,1.0,0.0,0.0,0,0.0,1.0,1.0,0.0,420000.0
208.0,12,2.0,1.0,1.0,0.0,0,0.0,1.0,0.0,0.0,520000.0
203.0,16,2.0,1.0,0.0,0.0,0,0.0,1.0,1.0,1.0,260500.0
202.0,7,3.0,1.0,0.0,0.0,0,0.0,1.0,1.0,1.0,750000.0
200.0,12,2.0,1.0,1.0,0.0,0,0.0,1.0,1.0,0.0,520000.0
200.0,7,2.0,1.0,0.0,0.0,0,0.0,0.0,0.0,0.0,440000.0
194.0,16,3.0,2.0,1.0,1.0,0,0.0,1.0,1.0,1.0,1130000.0
191.0,28,3.0,3.0,1.0,0.0,0,0.0,1.0,1.0,1.0,507000.0
190.0,7,3.0,2.0,0.0,0.0,0,0.0,1.0,1.0,1.0,660000.0
185.0,28,3.0,3.0,1.0,0.0,1,0.0,1.0,1.0,1.0,500000.0
184.0,7,2.0,2.0,1.0,0.0,0,0.0,1.0,1.0,1.0,550000.0
182.0,28,3.0,3.0,1.0,0.0,0,0.0,1.0,1.0,1.0,490000.0
180.0,16,3.0,3.0,0.0,0.0,0,0.0,1.0,1.0,0.0,600000.0
177.0,12,2.0,2.0,1.0,0.0,0,0.0,1.0,1.0,1.0,778800.0
175.0,16,3.0,2.0,1.0,0.0,0,0.0,1.0,1.0,1.0,540000.0
170.0,12,3.0,1.0,0.0,0.0,0,0.0,1.0,1.0,1.0,595000.0
170.0,58,3.0,2.0,1.0,0.0,1,0.0,1.0,1.0,1.0,257000.0
167.0,12,3.0,2.0,1.0,0.0,0,0.0,1.0,1.0,1.0,455000.0
166.0,12,2.0,1.0,0.0,0.0,0,0.0,1.0,1.0,0.0,615000.0
166.0,12,2.0,2.0,1.0,0.0,0,0.0,0.0,0.0,0.0,615000.0
166.0,12,2.0,2.0,0.0,0.0,0,0.0,0.0,0.0,0.0,581000.0
166.0,7,2.0,1.0,1.0,1.0,0,0.0,1.0,1.0,1.0,580000.0
165.0,16,3.0,2.0,0.0,1.0,0,0.0,1.0,1.0,0.0,717000.0
165.0,16,3.0,2.0,0.0,0.0,0,0.0,1.0,1.0,1.0,680000.0
165.0,16,2.0,1.0,0.0,0.0,0,0.0,1.0,1.0,1.0,480000.0
164.0,12,4.0,1.0,0.0,1.0,0,0.0,1.0,1.0,1.0,676000.0
164.0,16,4.0,1.0,0.0,0.0,0,0.0,0.0,0.0,1.0,287000.0
164.0,16,2.0,1.0,0.0,0.0,0,0.0,1.0,1.0,0.0,287000.0
160.0,12,2.0,3.0,1.0,0.0,0,0.0,1.0,1.0,1.0,575000.0
160.0,12,3.0,2.0,1.0,0.0,0,0.0,1.0,1.0,1.0,310000.0
160.0,58,5.0,1.0,0.0,0.0,0,0.0,0.0,0.0,0.0,190000.0
159.0,12,4.0,2.0,1.0,0.0,0,0.0,1.0,1.0,1.0,497000.0
159.0,12,3.0,3.0,0.0,0.0,0,0.0,1.0,1.0,1.0,438000.0
158.0,7,3.0,1.0,1.0,0.0,0,0.0,1.0,1.0,1.0,575000.0
157.0,16,2.0,2.0,1.0,0.0,0,0.0,1.0,1.0,1.0,353700.0
156.0,10,2.0,1.0,0.0,0.0,0,0.0,1.0,1.0,0.0,561000.0
155.0,16,3.0,2.0,0.0,0.0,0,0.0,1.0,1.0,0.0,630000.0
154.0,12,3.0,2.0,0.0,0.0,0,0.0,0.0,0.0,0.0,219000.0
153.0,25,3.0,1.0,0.0,0.0,0,0.0,0.0,0.0,0.0,190000.0
150.0,12,2.0,1.0,1.0,0.0,0,0.0,1.0,1.0,1.0,660000.0
150.0,12,2.0,2.0,0.0,0.0,0,0.0,1.0,1.0,1.0,560000.0
150.0,16,2.0,2.0,1.0,0.0,0,0.0,1.0,1.0,1.0,300000.0
150.0,16,2.0,1.0,0.0,0.0,0,0.0,1.0,1.0,0.0,300000.0
150.0,16,2.0,2.0,0.0,0.0,0,0.0,1.0,1.0,1.0,280000.0
148.0,28,3.0,2.0,1.0,0.0,0,0.0,1.0,1.0,1.0,385000.0
147.0,12,2.0,2.0,1.0,0.0,0,0.0,1.0,1.0,1.0,735000.0
147.0,45,3.0,1.0,0.0,0.0,0,0.0,1.0,1.0,0.0,240000.0
146.0,12,3.0,2.0,1.0,0.0,1,0.0,0.0,1.0,1.0,870000.0
145.0,12,2.0,1.0,1.0,0.0,0,0.0,1.0,1.0,1.0,638000.0
145.0,28,2.0,2.0,0.0,0.0,0,0.0,1.0,1.0,1.0,480000.0
145.0,12,2.0,1.0,0.0,0.0,0,0.0,0.0,1.0,0.0,358000.0
145.0,16,2.0,2.0,1.0,0.0,0,0.0,1.0,1.0,1.0,348000.0
143.0,12,2.0,2.0,0.0,0.0,1,0.0,1.0,0.0,0.0,755000.0
142.0,16,2.0,2.0,1.0,0.0,0,0.0,1.0,1.0,1.0,420000.0
142.0,16,2.0,2.0,0.0,0.0,0,0.0,1.0,1.0,1.0,390000.0
141.0,12,2.0,1.0,0.0,0.0,1,0.0,1.0,1.0,1.0,890000.0
141.0,12,2.0,1.0,1.0,0.0,0,0.0,1.0,1.0,0.0,320000.0
140.0,12,2.0,2.0,0.0,0.0,1,0.0,1.0,1.0,0.0,700000.0
140.0,12,2.0,3.0,0.0,0.0,0,0.0,1.0,0.0,1.0,570000.0
140.0,12,3.0,2.0,0.0,0.0,0,0.0,1.0,1.0,1.0,364000.0
140.0,12,3.0,2.0,1.0,0.0,0,0.0,1.0,1.0,1.0,350000.0
139.0,12,2.0,2.0,0.0,0.0,1,0.0,1.0,0.0,1.0,600000.0
139.0,7,2.0,2.0,0.0,0.0,0,0.0,1.0,1.0,0.0,470000.0
139.0,7,2.0,2.0,1.0,0.0,0,0.0,1.0,1.0,1.0,450000.0
138.0,7,2.0,1.0,1.0,0.0,0,0.0,1.0,1.0,1.0,515000.0
138.0,28,3.0,3.0,1.0,0.0,0,0.0,1.0,1.0,1.0,440000.0
137.0,12,2.0,2.0,1.0,0.0,0,0.0,1.0,1.0,1.0,602800.0
137.0,12,3.0,1.0,0.0,0.0,0,0.0,1.0,1.0,0.0,350000.0
137.0,45,2.0,2.0,1.0,0.0,0,0.0,1.0,1.0,1.0,260000.0
136.0,7,2.0,2.0,1.0,1.0,0,0.0,1.0,1.0,1.0,657000.0
136.0,7,2.0,1.0,1.0,1.0,0,0.0,1.0,1.0,1.0,657000.0
136.0,7,2.0,1.0,1.0,1.0,0,0.0,1.0,1.0,1.0,657000.0
136.0,7,2.0,2.0,1.0,1.0,0,0.0,1.0,1.0,1.0,650000.0
136.0,12,2.0,2.0,0.0,0.0,0,0.0,1.0,1.0,1.0,598000.0
136.0,12,2.0,2.0,0.0,0.0,0,0.0,0.0,0.0,0.0,515000.0
135.0,7,2.0,2.0,0.0,0.0,0,0.0,0.0,0.0,0.0,450000.0
135.0,16,2.0,2.0,0.0,0.0,0,0.0,1.0,1.0,1.0,445000.0
134.0,12,2.0,2.0,1.0,0.0,0,0.0,1.0,1.0,1.0,500000.0
134.0,28,2.0,2.0,1.0,0.0,0,0.0,0.0,0.0,0.0,415000.0
134.0,28,2.0,3.0,1.0,0.0,0,0.0,1.0,1.0,1.0,340000.0
133.0,7,2.0,1.0,1.0,0.0,0,0.0,1.0,1.0,1.0,519000.0
133.0,28,2.0,2.0,1.0,0.0,0,0.0,1.0,1.0,1.0,410000.0
133.0,12,3.0,2.0,1.0,0.0,0,0.0,1.0,1.0,1.0,394000.0
133.0,28,2.0,1.0,1.0,0.0,0,0.0,1.0,1.0,1.0,350000.0
132.0,28,3.0,2.0,1.0,0.0,0,0.0,1.0,1.0,1.0,450000.0
132.0,12,2.0,2.0,0.0,0.0,0,0.0,1.0,1.0,0.0,450000.0
132.0,16,2.0,1.0,1.0,0.0,0,0.0,0.0,0.0,0.0,300000.0
132.0,28,4.0,1.0,0.0,0.0,0,0.0,1.0,1.0,0.0,260000.0
131.0,16,2.0,1.0,0.0,0.0,0,0.0,1.0,1.0,1.0,392850.0
131.0,28,2.0,1.0,0.0,0.0,0,0.0,1.0,1.0,1.0,340000.0
131.0,12,2.0,2.0,1.0,0.0,0,0.0,1.0,1.0,0.0,290000.0
130.0,12,2.0,2.0,0.0,0.0,0,0.0,1.0,1.0,0.0,670000.0
130.0,7,2.0,2.0,0.0,0.0,0,0.0,1.0,1.0,0.0,450000.0
130.0,12,2.0,2.0,0.0,0.0,0,0.0,0.0,1.0,1.0,400000.0
130.0,16,2.0,2.0,0.0,0.0,0,0.0,1.0,1.0,1.0,370000.0
130.0,28,2.0,2.0,0.0,0.0,1,0.0,1.0,1.0,1.0,290000.0
130.0,14,3.0,2.0,0.0,0.0,0,0.0,0.0,1.0,0.0,290000.0
130.0,28,2.0,1.0,1.0,0.0,0,0.0,1.0,1.0,1.0,270000.0
129.0,12,2.0,2.0,0.0,1.0,0,0.0,1.0,1.0,1.0,536000.0
129.0,16,2.0,1.0,1.0,0.0,0,0.0,1.0,1.0,1.0,425000.0
129.0,45,2.0,2.0,0.0,0.0,0,0.0,1.0,1.0,1.0,292350.0
129.0,12,2.0,2.0,1.0,0.0,0,0.0,1.0,1.0,1.0,230000.0
128.0,16,3.0,1.0,0.0,0.0,0,0.0,0.0,0.0,0.0,435000.0
128.0,7,2.0,2.0,1.0,0.0,1,0.0,1.0,1.0,1.0,420000.0
128.0,16,4.0,1.0,0.0,0.0,0,0.0,1.0,1.0,1.0,382400.0
128.0,12,2.0,1.0,0.0,0.0,0,0.0,0.0,0.0,1.0,350000.0
128.0,12,2.0,2.0,0.0,0.0,0,0.0,1.0,1.0,1.0,350000.0
128.0,14,3.0,2.0,1.0,0.0,0,0.0,1.0,1.0,1.0,280000.0
127.0,7,2.0,2.0,1.0,0.0,0,0.0,1.0,1.0,1.0,539000.0
127.0,28,3.0,2.0,0.0,0.0,0,0.0,1.0,1.0,1.0,381000.0
127.0,12,2.0,1.0,1.0,0.0,0,0.0,0.0,0.0,0.0,360000.0
127.0,76,2.0,2.0,0.0,0.0,0,0.0,0.0,1.0,1.0,210000.0
126.0,12,2.0,2.0,1.0,0.0,0,0.0,0.0,0.0,0.0,340000.0
126.0,28,2.0,1.0,0.0,0.0,0,0.0,1.0,1.0,1.0,320000.0
126.0,12,3.0,1.0,1.0,0.0,0,0.0,1.0,1.0,1.0,317000.0
126.0,16,2.0,1.0,0.0,0.0,0,0.0,1.0,1.0,1.0,295000.0
126.0,28,2.0,1.0,1.0,0.0,0,0.0,1.0,1.0,0.0,265000.0
126.0,16,2.0,1.0,0.0,0.0,0,0.0,0.0,1.0,0.0,222000.0
126.0,16,2.0,1.0,0.0,0.0,0,0.0,1.0,1.0,1.0,216000.0
125.0,12,2.0,1.0,1.0,0.0,0,0.0,1.0,1.0,1.0,345000.0
125.0,16,2.0,1.0,1.0,0.0,0,0.0,1.0,1.0,1.0,320000.0
125.0,62,2.0,1.0,0.0,0.0,0,0.0,0.0,1.0,1.0,250000.0
125.0,43,2.0,1.0,0.0,0.0,0,0.0,1.0,1.0,1.0,200000.0
124.0,7,2.0,2.0,1.0,0.0,0,0.0,1.0,1.0,1.0,630000.0
124.0,28,2.0,1.0,0.0,0.0,0,0.0,1.0,1.0,1.0,424000.0
124.0,16,2.0,2.0,1.0,0.0,0,0.0,1.0,1.0,1.0,320000.0
124.0,12,2.0,2.0,0.0,0.0,0,0.0,1.0,1.0,0.0,280000.0
124.0,28,2.0,2.0,1.0,0.0,0,0.0,1.0,1.0,1.0,223000.0
124.0,28,2.0,1.0,1.0,0.0,0,0.0,1.0,1.0,1.0,223000.0
123.0,7,2.0,2.0,1.0,0.0,0,0.0,0.0,1.0,1.0,495000.0
122.0,7,2.0,1.0,0.0,0.0,0,0.0,1.0,1.0,1.0,549000.0
122.0,12,2.0,2.0,0.0,0.0,0,0.0,1.0,1.0,1.0,523000.0
122.0,12,2.0,2.0,1.0,0.0,0,0.0,1.0,1.0,1.0,318000.0
122.0,12,2.0,2.0,0.0,0.0,0,0.0,1.0,1.0,1.0,318000.0
120.0,10,2.0,2.0,1.0,0.0,0,0.0,1.0,1.0,1.0,650000.0
120.0,12,2.0,1.0,0.0,0.0,0,0.0,1.0,1.0,1.0,520000.0
120.0,12,2.0,2.0,1.0,0.0,0,0.0,1.0,1.0,1.0,450000.0
120.0,12,2.0,2.0,1.0,0.0,0,0.0,1.0,1.0,1.0,450000.0
120.0,7,2.0,2.0,1.0,0.0,1,0.0,1.0,1.0,1.0,420000.0
120.0,16,2.0,1.0,1.0,0.0,0,0.0,1.0,1.0,1.0,400000.0
120.0,12,2.0,1.0,0.0,0.0,0,0.0,1.0,1.0,0.0,340000.0
120.0,12,2.0,1.0,1.0,0.0,0,0.0,1.0,1.0,1.0,330000.0
120.0,41,2.0,2.0,0.0,0.0,0,0.0,1.0,1.0,1.0,295000.0
120.0,16,2.0,1.0,0.0,0.0,0,0.0,0.0,0.0,0.0,290000.0
120.0,16,2.0,1.0,0.0,0.0,0,0.0,1.0,1.0,1.0,290000.0
120.0,45,2.0,1.0,0.0,0.0,0,0.0,1.0,1.0,1.0,260000.0
120.0,12,2.0,2.0,0.0,0.0,0,0.0,0.0,1.0,0.0,260000.0
120.0,12,3.0,1.0,0.0,0.0,0,0.0,0.0,0.0,0.0,250000.0
120.0,12,2.0,1.0,0.0,0.0,0,0.0,1.0,1.0,1.0,195000.0
120.0,76,2.0,1.0,0.0,0.0,0,0.0,0.0,1.0,0.0,175000.0
120.0,33,2.0,1.0,0.0,0.0,0,0.0,0.0,0.0,0.0,140000.0
118.0,12,2.0,2.0,0.0,0.0,0,0.0,1.0,1.0,0.0,338000.0
118.0,12,2.0,2.0,0.0,0.0,0,0.0,1.0,1.0,1.0,338000.0
118.0,12,2.0,1.0,1.0,0.0,0,0.0,1.0,1.0,1.0,322000.0
118.0,28,2.0,3.0,0.0,0.0,0,0.0,1.0,1.0,1.0,315000.0
118.0,16,2.0,1.0,0.0,0.0,0,0.0,1.0,1.0,1.0,276000.0
118.0,12,2.0,1.0,0.0,0.0,0,0.0,0.0,1.0,0.0,270000.0
117.0,16,2.0,2.0,1.0,0.0,0,0.0,1.0,1.0,1.0,400000.0
117.0,12,2.0,2.0,1.0,0.0,0,0.0,1.0,1.0,1.0,345000.0
117.0,16,2.0,2.0,1.0,0.0,0,0.0,1.0,1.0,1.0,234949.0
117.0,41,2.0,1.0,0.0,0.0,1,0.0,1.0,0.0,1.0,200000.0
116.0,12,2.0,2.0,0.0,0.0,0,0.0,1.0,1.0,0.0,391000.0
116.0,14,2.0,1.0,1.0,1.0,0,0.0,1.0,1.0,1.0,360000.0
116.0,16,2.0,2.0,1.0,0.0,0,0.0,1.0,1.0,1.0,335000.0
116.0,62,2.0,1.0,1.0,0.0,0,0.0,1.0,1.0,1.0,266800.0
116.0,69,2.0,1.0,0.0,0.0,0,0.0,0.0,0.0,0.0,230000.0
115.0,12,2.0,2.0,1.0,0.0,0,0.0,1.0,1.0,1.0,775000.0
115.0,16,2.0,1.0,0.0,0.0,0,0.0,1.0,1.0,1.0,327000.0
115.0,28,2.0,1.0,1.0,0.0,0,0.0,1.0,1.0,1.0,305000.0
115.0,12,2.0,1.0,1.0,0.0,0,0.0,1.0,1.0,1.0,255000.0
115.0,28,2.0,1.0,0.0,0.0,0,0.0,0.0,1.0,1.0,250000.0
115.0,12,2.0,1.0,0.0,0.0,0,0.0,1.0,1.0,1.0,250000.0
115.0,76,2.0,1.0,0.0,0.0,0,0.0,1.0,1.0,1.0,195000.0
114.0,7,2.0,2.0,1.0,0.0,0,0.0,1.0,1.0,1.0,540000.0
114.0,12,2.0,2.0,0.0,0.0,0,0.0,1.0,1.0,1.0,230000.0
113.0,12,2.0,2.0,1.0,0.0,0,0.0,1.0,1.0,1.0,410000.0
113.0,16,2.0,2.0,1.0,0.0,0,0.0,1.0,1.0,0.0,270000.0
113.0,12,2.0,1.0,0.0,0.0,0,0.0,1.0,1.0,1.0,270000.0
113.0,16,2.0,1.0,1.0,0.0,0,0.0,1.0,1.0,0.0,240000.0
112.0,7,2.0,2.0,0.0,0.0,0,0.0,1.0,1.0,1.0,471000.0
112.0,7,2.0,1.0,0.0,0.0,0,0.0,0.0,0.0,0.0,471000.0
112.0,16,2.0,2.0,1.0,0.0,0,0.0,1.0,1.0,1.0,355000.0
112.0,12,1.0,2.0,0.0,0.0,0,0.0,0.0,1.0,0.0,350000.0
112.0,12,2.0,1.0,1.0,0.0,0,0.0,1.0,1.0,1.0,316000.0
112.0,76,2.0,1.0,1.0,0.0,0,0.0,1.0,1.0,1.0,300000.0
112.0,58,2.0,1.0,0.0,0.0,1,0.0,0.0,0.0,0.0,158000.0
111.0,7,2.0,2.0,1.0,0.0,0,0.0,1.0,1.0,1.0,525000.0
110.0,7,2.0,2.0,0.0,0.0,0,0.0,1.0,1.0,1.0,550000.0
110.0,7,2.0,1.0,0.0,1.0,0,0.0,1.0,1.0,1.0,542000.0
110.0,12,2.0,1.0,0.0,0.0,0,0.0,0.0,0.0,0.0,420000.0
110.0,28,2.0,1.0,1.0,0.0,1,0.0,1.0,1.0,0.0,365000.0
110.0,28,2.0,2.0,0.0,0.0,0,0.0,1.0,1.0,1.0,350000.0
110.0,12,2.0,2.0,1.0,0.0,0,0.0,1.0,1.0,1.0,295000.0
110.0,28,2.0,2.0,0.0,0.0,0,0.0,1.0,1.0,1.0,279000.0
110.0,33,2.0,1.0,1.0,0.0,0,0.0,1.0,1.0,1.0,200000.0
110.0,36,2.0,2.0,0.0,0.0,0,0.0,1.0,1.0,1.0,190000.0
109.0,12,2.0,2.0,0.0,0.0,0,0.0,1.0,1.0,1.0,347000.0
109.0,61,2.0,1.0,0.0,0.0,0,0.0,1.0,1.0,1.0,200000.0
108.0,7,2.0,2.0,1.0,0.0,0,0.0,1.0,1.0,1.0,535000.0
108.0,16,3.0,1.0,1.0,0.0,0,0.0,1.0,1.0,0.0,322000.0
108.0,28,2.0,2.0,1.0,0.0,1,0.0,1.0,1.0,1.0,280000.0
107.0,16,2.0,1.0,0.0,0.0,0,0.0,1.0,1.0,1.0,310000.0
107.0,12,2.0,1.0,1.0,0.0,0,0.0,1.0,1.0,1.0,273000.0
107.0,28,2.0,1.0,0.0,0.0,0,0.0,0.0,0.0,0.0,229000.0
107.0,45,2.0,1.0,1.0,0.0,0,0.0,1.0,1.0,1.0,210000.0
107.0,45,2.0,1.0,1.0,0.0,0,0.0,1.0,1.0,1.0,210000.0
107.0,25,2.0,1.0,0.0,0.0,0,0.0,0.0,0.0,1.0,199000.0
106.0,12,2.0,2.0,0.0,0.0,0,0.0,1.0,1.0,0.0,368000.0
106.0,12,2.0,1.0,0.0,0.0,0,0.0,1.0,1.0,1.0,350000.0
106.0,69,2.0,1.0,0.0,0.0,0,0.0,0.0,0.0,0.0,185000.0
106.0,7,2.0,1.0,1.0,0.0,0,0.0,0.0,1.0,1.0,185000.0
105.0,38,2.0,2.0,0.0,0.0,0,0.0,1.0,1.0,1.0,450000.0
105.0,16,2.0,2.0,0.0,0.0,0,0.0,1.0,1.0,0.0,380000.0
105.0,16,2.0,2.0,1.0,0.0,0,0.0,1.0,1.0,1.0,366000.0
105.0,10,2.0,2.0,0.0,0.0,1,0.0,1.0,1.0,1.0,260000.0
105.0,41,2.0,1.0,0.0,0.0,1,0.0,1.0,1.0,0.0,249000.0
105.0,45,2.0,1.0,0.0,0.0,0,0.0,1.0,1.0,1.0,235000.0
105.0,45,2.0,1.0,1.0,0.0,0,0.0,1.0,1.0,1.0,235000.0
105.0,28,2.0,1.0,0.0,0.0,0,0.0,1.0,1.0,1.0,220000.0
105.0,28,2.0,1.0,0.0,0.0,0,0.0,1.0,1.0,1.0,195000.0
104.0,45,2.0,1.0,1.0,0.0,0,0.0,1.0,1.0,1.0,250896.0
103.0,7,2.0,2.0,1.0,0.0,0,0.0,1.0,1.0,1.0,595000.0
103.0,12,2.0,1.0,1.0,0.0,0,0.0,1.0,1.0,1.0,340000.0
103.0,12,2.0,1.0,0.0,0.0,0,0.0,1.0,1.0,1.0,278000.0
103.0,16,3.0,1.0,0.0,0.0,0,0.0,1.0,1.0,0.0,250000.0
103.0,76,2.0,1.0,1.0,0.0,0,0.0,1.0,1.0,1.0,202040.0
102.0,7,2.0,2.0,0.0,0.0,0,0.0,1.0,1.0,1.0,431000.0
102.0,7,2.0,1.0,0.0,0.0,0,0.0,0.0,0.0,0.0,428000.0
102.0,12,2.0,1.0,1.0,0.0,0,0.0,1.0,1.0,1.0,270750.0
100.0,12,2.0,2.0,0.0,1.0,0,0.0,0.0,0.0,0.0,430000.0
100.0,12,2.0,2.0,0.0,0.0,0,0.0,0.0,1.0,1.0,400000.0
100.0,14,2.0,1.0,0.0,0.0,1,0.0,1.0,1.0,1.0,390000.0
100.0,12,2.0,1.0,0.0,0.0,0,0.0,0.0,0.0,0.0,370000.0
100.0,12,2.0,1.0,0.0,0.0,0,0.0,1.0,1.0,1.0,280000.0
100.0,12,2.0,1.0,0.0,0.0,0,0.0,0.0,0.0,0.0,280000.0
100.0,28,2.0,1.0,0.0,0.0,0,0.0,1.0,1.0,1.0,270000.0
100.0,12,2.0,1.0,1.0,0.0,0,0.0,1.0,1.0,1.0,265000.0
100.0,12,2.0,1.0,0.0,0.0,0,0.0,0.0,1.0,0.0,260000.0
100.0,28,2.0,2.0,0.0,0.0,0,0.0,1.0,1.0,1.0,250000.0
100.0,28,2.0,2.0,0.0,0.0,0,0.0,1.0,1.0,1.0,250000.0
100.0,28,2.0,1.0,0.0,0.0,0,0.0,0.0,0.0,0.0,240000.0
100.0,12,2.0,1.0,1.0,0.0,0,0.0,1.0,1.0,1.0,235000.0
100.0,33,2.0,1.0,0.0,0.0,0,0.0,0.0,0.0,0.0,220000.0
100.0,16,2.0,1.0,1.0,0.0,0,0.0,1.0,1.0,1.0,210000.0
100.0,12,2.0,1.0,0.0,0.0,0,0.0,1.0,1.0,1.0,190000.0
100.0,76,3.0,1.0,0.0,0.0,0,0.0,0.0,1.0,1.0,175000.0
100.0,62,2.0,2.0,1.0,0.0,1,0.0,0.0,0.0,0.0,160000.0
100.0,61,3.0,1.0,0.0,0.0,0,0.0,0.0,0.0,0.0,160000.0
100.0,16,2.0,1.0,0.0,0.0,0,0.0,0.0,0.0,1.0,110000.0
100.0,93,2.0,2.0,1.0,0.0,0,0.0,0.0,0.0,0.0,105000.0
99.0,12,2.0,1.0,0.0,0.0,0,0.0,0.0,0.0,0.0,280000.0
99.0,28,2.0,1.0,0.0,0.0,0,0.0,0.0,1.0,0.0,235000.0
99.0,76,2.0,1.0,0.0,0.0,0,0.0,0.0,1.0,0.0,180000.0
99.0,69,2.0,2.0,0.0,0.0,0,0.0,1.0,1.0,1.0,150000.0
98.0,10,2.0,1.0,0.0,0.0,0,0.0,1.0,1.0,1.0,250000.0
97.0,45,2.0,1.0,1.0,0.0,0,0.0,1.0,1.0,1.0,264000.0
96.0,12,2.0,2.0,0.0,1.0,0,0.0,1.0,1.0,1.0,430000.0
96.0,12,2.0,1.0,1.0,0.0,0,0.0,1.0,1.0,1.0,215000.0
96.0,28,4.0,2.0,0.0,0.0,0,0.0,0.0,1.0,0.0,175000.0
95.0,45,2.0,1.0,1.0,0.0,0,0.0,1.0,1.0,1.0,227904.0
95.0,45,2.0,1.0,1.0,0.0,0,0.0,1.0,1.0,1.0,227000.0
95.0,14,3.0,1.0,0.0,0.0,0,0.0,0.0,0.0,0.0,220000.0
94.0,12,2.0,1.0,0.0,0.0,0,0.0,0.0,1.0,0.0,450000.0
93.0,12,2.0,1.0,1.0,0.0,0,0.0,1.0,1.0,0.0,371000.0
93.0,45,2.0,1.0,0.0,0.0,1,0.0,0.0,0.0,0.0,137000.0
92.0,45,2.0,1.0,0.0,0.0,0,0.0,1.0,1.0,0.0,155000.0
91.0,90,2.0,1.0,1.0,0.0,0,0.0,1.0,1.0,1.0,120000.0
90.0,12,2.0,1.0,1.0,0.0,0,0.0,1.0,1.0,1.0,240000.0
90.0,16,2.0,1.0,0.0,0.0,0,0.0,1.0,1.0,0.0,205000.0
90.0,45,3.0,2.0,0.0,0.0,1,0.0,0.0,1.0,0.0,200000.0
90.0,16,2.0,1.0,0.0,0.0,0,0.0,0.0,0.0,0.0,195000.0
90.0,38,2.0,1.0,0.0,0.0,0,0.0,1.0,0.0,0.0,160000.0
90.0,59,2.0,1.0,0.0,0.0,1,0.0,0.0,0.0,0.0,149000.0
90.0,38,2.0,1.0,0.0,0.0,0,0.0,1.0,0.0,0.0,140000.0
90.0,45,2.0,1.0,0.0,0.0,0,0.0,0.0,1.0,0.0,135000.0
90.0,58,2.0,2.0,0.0,0.0,0,0.0,0.0,0.0,1.0,110000.0
88.0,25,3.0,1.0,1.0,0.0,0,0.0,0.0,0.0,1.0,140000.0
87.0,28,2.0,1.0,0.0,0.0,0,0.0,1.0,1.0,0.0,280000.0
85.0,12,2.0,1.0,0.0,0.0,0,0.0,1.0,1.0,0.0,500000.0
85.0,16,2.0,1.0,1.0,0.0,0,0.0,1.0,1.0,1.0,197000.0
85.0,58,2.0,1.0,0.0,0.0,0,0.0,0.0,1.0,0.0,170000.0
85.0,58,2.0,1.0,0.0,0.0,0,0.0,0.0,0.0,0.0,120000.0
85.0,12,2.0,1.0,0.0,0.0,0,0.0,0.0,0.0,0.0,100000.0
84.0,41,2.0,1.0,1.0,0.0,1,0.0,1.0,1.0,1.0,225000.0
84.0,28,2.0,1.0,0.0,0.0,0,0.0,0.0,1.0,1.0,175000.0
84.0,76,2.0,2.0,0.0,0.0,0,0.0,0.0,1.0,0.0,160000.0
84.0,64,3.0,1.0,0.0,0.0,1,0.0,0.0,0.0,0.0,100000.0
82.0,28,2.0,1.0,1.0,0.0,0,0.0,1.0,1.0,1.0,331700.0
82.0,41,2.0,1.0,0.0,0.0,0,0.0,0.0,0.0,0.0,145000.0
81.0,58,2.0,1.0,0.0,0.0,0,0.0,1.0,1.0,0.0,250000.0
80.0,28,2.0,1.0,0.0,0.0,0,0.0,1.0,1.0,0.0,250000.0
80.0,28,2.0,1.0,0.0,0.0,0,0.0,1.0,1.0,1.0,120000.0
80.0,61,2.0,1.0,0.0,0.0,0,0.0,1.0,0.0,0.0,120000.0
80.0,28,2.0,1.0,0.0,0.0,0,0.0,0.0,1.0,0.0,109000.0
80.0,90,2.0,1.0,1.0,0.0,0,0.0,1.0,1.0,1.0,105500.0
80.0,59,2.0,1.0,0.0,0.0,0,0.0,0.0,0.0,0.0,85000.0
80.0,25,2.0,1.0,0.0,0.0,0,0.0,0.0,0.0,0.0,69000.0
76.0,45,2.0,1.0,1.0,0.0,0,0.0,1.0,1.0,1.0,183600.0
76.0,76,2.0,1.0,1.0,0.0,0,0.0,0.0,0.0,0.0,105000.0
75.0,12,2.0,1.0,0.0,0.0,0,0.0,0.0,1.0,1.0,175000.0
75.0,25,2.0,1.0,0.0,0.0,0,0.0,0.0,0.0,0.0,75000.0
73.0,35,2.0,1.0,1.0,0.0,0,0.0,0.0,1.0,0.0,138000.0
70.0,14,2.0,1.0,0.0,0.0,0,0.0,1.0,1.0,0.0,230000.0
70.0,28,2.0,1.0,0.0,0.0,0,0.0,1.0,1.0,1.0,220000.0
70.0,28,2.0,1.0,0.0,0.0,0,0.0,1.0,1.0,1.0,195000.0
70.0,12,2.0,1.0,0.0,0.0,0,0.0,0.0,1.0,0.0,134000.0
70.0,45,2.0,1.0,1.0,0.0,0,0.0,0.0,0.0,0.0,120000.0
70.0,26,2.0,1.0,0.0,0.0,0,0.0,0.0,1.0,0.0,119000.0
69.0,33,2.0,1.0,0.0,0.0,0,0.0,0.0,0.0,0.0,115000.0
68.0,12,2.0,1.0,1.0,0.0,0,0.0,1.0,1.0,1.0,235000.0
66.0,13,2.0,1.0,0.0,0.0,0,0.0,1.0,1.0,1.0,204000.0
65.0,58,2.0,1.0,0.0,0.0,0,0.0,0.0,0.0,0.0,285000.0
65.0,10,2.0,1.0,0.0,0.0,0,0.0,0.0,0.0,1.0,130000.0
60.0,7,2.0,1.0,0.0,0.0,0,0.0,0.0,0.0,0.0,210000.0
60.0,33,2.0,1.0,1.0,0.0,0,0.0,1.0,1.0,1.0,148000.0
50.0,86,2.0,1.0,0.0,0.0,0,0.0,0.0,0.0,0.0,65000.0
45.0,33,2.0,1.0,0.0,0.0,0,0.0,0.0,0.0,1.0,90000.0
476.0,7,4.0,3.0,1.0,0.0,0,0.0,0.0,0.0,0.0,1650000.0
411.0,28,5.0,3.0,1.0,1.0,0,0.0,1.0,1.0,0.0,1100000.0
400.0,14,3.0,2.0,1.0,0.0,0,0.0,1.0,1.0,0.0,680000.0
365.0,73,2.0,1.0,1.0,0.0,0,0.0,0.0,0.0,0.0,300000.0
350.0,35,2.0,2.0,1.0,1.0,0,0.0,1.0,1.0,0.0,620000.0
327.0,45,3.0,1.0,1.0,0.0,0,0.0,1.0,0.0,0.0,750000.0
260.0,45,3.0,2.0,1.0,0.0,0,0.0,0.0,0.0,0.0,490000.0
205.0,25,3.0,1.0,0.0,0.0,0,0.0,0.0,0.0,0.0,305000.0
153.0,28,1.0,1.0,0.0,0.0,0,0.0,1.0,1.0,1.0,320000.0
152.0,16,2.0,1.0,0.0,0.0,0,0.0,1.0,1.0,1.0,351000.0
151.0,12,2.0,2.0,0.0,0.0,0,0.0,0.0,1.0,0.0,347000.0
150.0,12,2.0,1.0,0.0,0.0,0,0.0,0.0,0.0,0.0,140000.0
149.0,62,3.0,1.0,1.0,0.0,0,0.0,1.0,1.0,1.0,270000.0
136.0,7,1.0,1.0,1.0,0.0,0,0.0,1.0,1.0,1.0,640000.0
134.0,16,2.0,1.0,0.0,0.0,0,0.0,1.0,1.0,1.0,267000.0
132.0,12,2.0,1.0,0.0,0.0,0,0.0,1.0,1.0,1.0,462000.0
129.0,7,2.0,1.0,0.0,0.0,0,0.0,1.0,1.0,1.0,450000.0
129.0,28,3.0,1.0,0.0,0.0,0,0.0,0.0,0.0,1.0,206000.0
128.0,7,2.0,1.0,0.0,0.0,0,0.0,0.0,0.0,1.0,450000.0
127.0,12,2.0,1.0,0.0,0.0,0,0.0,1.0,1.0,0.0,450000.0
127.0,12,2.0,2.0,1.0,0.0,0,0.0,1.0,1.0,1.0,350000.0
125.0,7,2.0,2.0,0.0,0.0,0,0.0,1.0,0.0,0.0,375000.0
124.0,12,2.0,1.0,0.0,0.0,0,0.0,1.0,1.0,0.0,509250.0
122.0,12,2.0,2.0,1.0,0.0,0,0.0,1.0,1.0,1.0,349400.0
121.0,12,2.0,2.0,0.0,0.0,0,0.0,1.0,1.0,1.0,301000.0
120.0,12,1.0,1.0,0.0,0.0,1,0.0,1.0,1.0,1.0,980000.0
120.0,12,3.0,1.0,1.0,0.0,0,0.0,0.0,0.0,0.0,700000.0
120.0,12,2.0,2.0,0.0,0.0,0,0.0,1.0,1.0,0.0,690000.0
120.0,12,2.0,2.0,0.0,0.0,0,0.0,0.0,0.0,0.0,400000.0
120.0,28,1.0,1.0,0.0,0.0,0,0.0,1.0,1.0,0.0,235000.0
120.0,33,2.0,1.0,0.0,0.0,0,0.0,1.0,0.0,0.0,200000.0
116.0,28,2.0,2.0,1.0,0.0,0,0.0,1.0,1.0,1.0,390000.0
115.0,16,2.0,1.0,0.0,0.0,0,0.0,1.0,1.0,0.0,320000.0
114.0,12,2.0,2.0,0.0,0.0,0,0.0,1.0,1.0,1.0,314000.0
112.0,7,2.0,2.0,0.0,0.0,0,0.0,1.0,1.0,1.0,471000.0
110.0,12,2.0,1.0,0.0,0.0,0,0.0,0.0,1.0,0.0,245000.0
109.0,7,1.0,1.0,1.0,1.0,0,0.0,1.0,1.0,1.0,542000.0
109.0,16,1.0,1.0,0.0,0.0,0,0.0,1.0,1.0,1.0,220000.0
109.0,62,2.0,1.0,0.0,0.0,0,0.0,1.0,1.0,1.0,209000.0
108.0,12,2.0,2.0,0.0,0.0,0,0.0,1.0,1.0,1.0,298000.0
107.0,12,1.0,1.0,1.0,0.0,0,0.0,1.0,1.0,1.0,666889.0
106.0,28,2.0,2.0,1.0,0.0,0,0.0,1.0,1.0,1.0,283000.0
106.0,76,2.0,2.0,1.0,0.0,0,0.0,1.0,1.0,1.0,214000.0
105.0,38,2.0,1.0,0.0,0.0,0,0.0,0.0,1.0,1.0,400000.0
105.0,28,2.0,2.0,0.0,0.0,0,0.0,1.0,1.0,1.0,321000.0
105.0,10,2.0,2.0,0.0,0.0,0,0.0,1.0,1.0,1.0,260000.0
102.0,12,3.0,1.0,1.0,0.0,0,0.0,1.0,1.0,1.0,270750.0
101.0,12,3.0,1.0,0.0,0.0,0,0.0,1.0,1.0,0.0,295000.0
100.0,7,1.0,2.0,1.0,0.0,0,0.0,1.0,1.0,1.0,338000.0
100.0,16,1.0,1.0,0.0,0.0,0,0.0,0.0,0.0,0.0,255000.0
100.0,16,2.0,2.0,0.0,0.0,0,0.0,1.0,1.0,0.0,255000.0
100.0,62,2.0,1.0,0.0,0.0,0,0.0,1.0,1.0,1.0,198000.0
99.0,58,3.0,1.0,0.0,0.0,0,0.0,0.0,0.0,0.0,360000.0
99.0,28,1.0,1.0,0.0,0.0,0,0.0,1.0,1.0,1.0,250000.0
98.0,28,1.0,1.0,1.0,0.0,0,0.0,1.0,1.0,1.0,309000.0
96.0,28,2.0,1.0,0.0,0.0,0,0.0,1.0,1.0,1.0,320000.0
95.0,12,1.0,1.0,0.0,0.0,0,0.0,1.0,1.0,1.0,225000.0
90.0,12,2.0,1.0,0.0,0.0,0,0.0,1.0,1.0,0.0,290000.0
90.0,12,1.0,1.0,0.0,0.0,0,0.0,1.0,1.0,1.0,165000.0
90.0,26,5.0,2.0,0.0,0.0,0,0.0,1.0,0.0,0.0,150000.0
87.0,38,1.0,1.0,0.0,0.0,0,0.0,0.0,0.0,0.0,280000.0
86.0,12,1.0,1.0,0.0,0.0,0,0.0,0.0,0.0,0.0,350000.0
86.0,7,1.0,1.0,1.0,0.0,0,0.0,1.0,1.0,1.0,304000.0
86.0,28,1.0,1.0,1.0,0.0,0,0.0,1.0,1.0,1.0,275000.0
86.0,12,1.0,1.0,0.0,0.0,0,0.0,1.0,1.0,0.0,225000.0
84.0,45,2.0,1.0,0.0,0.0,0,0.0,1.0,1.0,0.0,170000.0
84.0,16,1.0,1.0,1.0,0.0,0,0.0,1.0,1.0,1.0,155000.0
83.0,45,1.0,1.0,0.0,0.0,1,0.0,1.0,1.0,0.0,170000.0
80.0,38,1.0,1.0,1.0,0.0,0,0.0,1.0,1.0,1.0,350000.0
80.0,28,1.0,1.0,1.0,0.0,0,0.0,1.0,1.0,1.0,240000.0
80.0,28,1.0,1.0,0.0,0.0,0,0.0,1.0,1.0,1.0,230000.0
80.0,28,1.0,1.0,0.0,0.0,0,0.0,1.0,1.0,1.0,228000.0
80.0,28,1.0,1.0,0.0,0.0,0,0.0,1.0,1.0,1.0,220000.0
80.0,28,1.0,1.0,0.0,0.0,0,0.0,1.0,1.0,1.0,200000.0
80.0,16,1.0,1.0,0.0,0.0,0,0.0,1.0,1.0,0.0,195000.0
80.0,12,1.0,1.0,0.0,0.0,0,0.0,1.0,1.0,0.0,170000.0
78.0,12,1.0,1.0,0.0,0.0,0,0.0,1.0,1.0,1.0,320000.0
78.0,12,1.0,1.0,0.0,0.0,0,0.0,1.0,1.0,1.0,250000.0
78.0,12,1.0,1.0,0.0,0.0,0,0.0,1.0,0.0,1.0,238000.0
78.0,33,1.0,1.0,0.0,0.0,0,0.0,1.0,1.0,1.0,169000.0
77.0,16,1.0,1.0,1.0,0.0,0,0.0,0.0,0.0,0.0,220000.0
76.0,7,1.0,1.0,0.0,0.0,0,0.0,0.0,0.0,0.0,450000.0
76.0,12,1.0,1.0,1.0,0.0,0,0.0,1.0,1.0,1.0,295000.0
75.0,10,1.0,1.0,0.0,0.0,0,0.0,1.0,1.0,0.0,300000.0
75.0,16,1.0,1.0,0.0,0.0,0,0.0,1.0,1.0,0.0,180000.0
75.0,12,1.0,1.0,0.0,0.0,0,0.0,0.0,1.0,1.0,170000.0
74.0,12,1.0,1.0,1.0,0.0,0,0.0,1.0,1.0,1.0,265000.0
74.0,7,1.0,1.0,0.0,0.0,0,0.0,1.0,1.0,1.0,250000.0
74.0,14,1.0,1.0,0.0,0.0,0,0.0,1.0,1.0,1.0,250000.0
74.0,12,1.0,1.0,0.0,0.0,0,0.0,1.0,1.0,1.0,170000.0
73.0,36,1.0,1.0,0.0,0.0,0,0.0,1.0,1.0,1.0,209000.0
72.0,12,1.0,1.0,1.0,1.0,0,0.0,1.0,1.0,1.0,321000.0
72.0,14,1.0,1.0,1.0,1.0,0,0.0,1.0,1.0,1.0,240000.0
72.0,12,1.0,1.0,0.0,0.0,0,0.0,1.0,1.0,1.0,180000.0
72.0,62,1.0,1.0,1.0,0.0,0,0.0,1.0,1.0,1.0,160000.0
70.0,12,1.0,1.0,1.0,0.0,0,0.0,1.0,1.0,1.0,329000.0
70.0,28,1.0,1.0,1.0,0.0,0,0.0,1.0,1.0,0.0,220000.0
70.0,12,1.0,1.0,1.0,0.0,0,0.0,1.0,1.0,1.0,220000.0
70.0,12,1.0,1.0,0.0,0.0,0,0.0,1.0,1.0,1.0,200000.0
70.0,28,1.0,1.0,0.0,0.0,0,0.0,1.0,1.0,1.0,190000.0
70.0,28,1.0,1.0,1.0,0.0,0,0.0,1.0,1.0,0.0,175000.0
70.0,62,1.0,1.0,0.0,0.0,0,0.0,0.0,1.0,0.0,150000.0
69.0,12,1.0,1.0,0.0,0.0,0,0.0,1.0,1.0,1.0,354300.0
69.0,76,1.0,1.0,0.0,0.0,0,0.0,0.0,0.0,1.0,180000.0
69.0,90,1.0,1.0,1.0,0.0,0,0.0,1.0,1.0,1.0,90873.0
68.0,12,1.0,1.0,1.0,0.0,0,0.0,1.0,1.0,1.0,180000.0
68.0,12,1.0,1.0,0.0,1.0,0,0.0,0.0,1.0,0.0,180000.0
68.0,45,1.0,1.0,1.0,0.0,0,0.0,1.0,1.0,1.0,171000.0
68.0,16,1.0,1.0,1.0,0.0,0,0.0,0.0,1.0,1.0,150000.0
67.0,7,1.0,1.0,1.0,0.0,1,0.0,1.0,1.0,1.0,281400.0
67.0,14,1.0,1.0,1.0,1.0,1,0.0,1.0,1.0,1.0,270000.0
67.0,16,1.0,1.0,1.0,0.0,0,0.0,1.0,1.0,1.0,185000.0
67.0,76,1.0,1.0,1.0,0.0,0,0.0,0.0,0.0,0.0,90000.0
65.0,12,1.0,1.0,0.0,0.0,0,0.0,1.0,1.0,0.0,295000.0
65.0,7,1.0,1.0,0.0,0.0,0,0.0,1.0,1.0,1.0,289000.0
65.0,28,1.0,1.0,0.0,0.0,0,0.0,1.0,1.0,1.0,175000.0
65.0,62,1.0,1.0,1.0,0.0,1,0.0,1.0,1.0,1.0,125000.0
64.0,12,1.0,1.0,0.0,0.0,0,0.0,0.0,0.0,0.0,280000.0
64.0,7,1.0,1.0,0.0,0.0,0,0.0,1.0,1.0,1.0,280000.0
64.0,7,1.0,1.0,0.0,0.0,0,0.0,0.0,1.0,0.0,280000.0
64.0,7,1.0,1.0,0.0,0.0,0,0.0,1.0,1.0,0.0,275000.0
64.0,38,1.0,1.0,0.0,0.0,0,0.0,1.0,1.0,1.0,210000.0
63.0,12,1.0,2.0,1.0,0.0,0,0.0,1.0,1.0,1.0,280000.0
63.0,28,1.0,1.0,0.0,0.0,0,0.0,1.0,1.0,1.0,195000.0
63.0,26,1.0,1.0,0.0,0.0,0,0.0,1.0,1.0,1.0,145000.0
62.0,16,1.0,1.0,0.0,0.0,0,0.0,1.0,1.0,1.0,212000.0
62.0,26,1.0,1.0,0.0,0.0,0,0.0,1.0,0.0,1.0,160000.0
62.0,62,1.0,1.0,1.0,0.0,0,0.0,1.0,1.0,1.0,143300.0
61.0,7,1.0,1.0,0.0,0.0,0,0.0,1.0,1.0,1.0,290000.0
61.0,12,1.0,1.0,1.0,0.0,0,0.0,1.0,1.0,1.0,240000.0
60.0,16,1.0,1.0,1.0,1.0,0,0.0,1.0,1.0,1.0,260000.0
60.0,16,1.0,1.0,0.0,1.0,0,0.0,1.0,1.0,1.0,256000.0
60.0,16,1.0,1.0,0.0,0.0,0,0.0,1.0,1.0,1.0,216000.0
60.0,12,1.0,1.0,0.0,0.0,0,0.0,1.0,1.0,1.0,160000.0
60.0,90,1.0,1.0,1.0,0.0,0,0.0,1.0,1.0,1.0,79000.0
55.0,16,1.0,1.0,0.0,0.0,0,0.0,1.0,1.0,0.0,180000.0
55.0,12,1.0,1.0,0.0,0.0,0,0.0,1.0,1.0,0.0,155000.0
54.0,28,1.0,1.0,0.0,0.0,0,0.0,1.0,1.0,1.0,185000.0
52.0,16,2.0,1.0,0.0,0.0,0,0.0,1.0,1.0,0.0,215000.0
52.0,28,1.0,1.0,1.0,0.0,0,0.0,1.0,1.0,1.0,170000.0
51.0,28,1.0,1.0,0.0,0.0,0,0.0,1.0,1.0,1.0,150000.0
50.0,28,1.0,1.0,0.0,0.0,0,0.0,0.0,0.0,0.0,169000.0
46.0,69,1.0,1.0,0.0,0.0,0,0.0,0.0,1.0,0.0,110000.0
45.0,28,1.0,1.0,1.0,0.0,0,0.0,1.0,1.0,1.0,220000.0
45.0,28,1.0,2.0,1.0,0.0,0,0.0,1.0,1.0,1.0,220000.0
45.0,28,1.0,1.0,0.0,1.0,0,0.0,0.0,1.0,1.0,125000.0
42.0,14,2.0,1.0,0.0,0.0,0,0.0,0.0,0.0,0.0,127500.0
40.0,28,1.0,1.0,0.0,0.0,0,0.0,1.0,0.0,1.0,140000.0
30.0,33,2.0,1.0,0.0,0.0,0,0.0,0.0,0.0,0.0,45000.0
25.0,21,1.0,1.0,0.0,0.0,0,0.0,0.0,0.0,0.0,25000.0
500.0,14,1.0,1.0,0.0,0.0,0,0.0,0.0,0.0,0.0,1200000.0
452.0,28,5.0,1.0,1.0,0.0,0,0.0,0.0,1.0,0.0,950000.0
450.0,12,4.0,2.0,0.0,0.0,0,0.0,0.0,0.0,0.0,980000.0
367.0,12,3.0,2.0,0.0,0.0,0,0.0,1.0,1.0,0.0,1450000.0
340.0,45,5.0,2.0,0.0,0.0,0,0.0,0.0,0.0,0.0,380000.0
300.0,33,3.0,2.0,0.0,0.0,0,0.0,0.0,0.0,0.0,1200000.0
300.0,28,5.0,2.0,1.0,0.0,0,0.0,1.0,1.0,0.0,700000.0
237.0,7,3.0,3.0,1.0,1.0,0,0.0,1.0,1.0,1.0,1162000.0
235.0,45,4.0,1.0,1.0,0.0,0,0.0,0.0,0.0,0.0,280000.0
180.0,28,3.0,2.0,1.0,0.0,0,0.0,1.0,1.0,0.0,420000.0
170.0,16,3.0,1.0,0.0,0.0,0,0.0,0.0,0.0,0.0,405035.0
160.0,33,4.0,1.0,0.0,0.0,0,0.0,0.0,0.0,0.0,55000.0
154.0,28,3.0,1.0,0.0,0.0,0,0.0,1.0,1.0,1.0,295000.0
150.0,28,3.0,1.0,0.0,0.0,0,0.0,1.0,1.0,0.0,350000.0
146.0,35,3.0,2.0,0.0,0.0,1,0.0,1.0,1.0,1.0,430000.0
145.0,41,2.0,1.0,0.0,0.0,0,0.0,0.0,1.0,1.0,249000.0
140.0,7,3.0,1.0,1.0,1.0,0,0.0,1.0,1.0,1.0,672000.0
140.0,76,3.0,2.0,1.0,0.0,0,0.0,1.0,1.0,1.0,350000.0
140.0,28,3.0,1.0,0.0,0.0,0,0.0,1.0,1.0,1.0,320000.0
140.0,36,3.0,2.0,1.0,0.0,0,0.0,1.0,1.0,1.0,320000.0
140.0,35,3.0,1.0,0.0,0.0,0,0.0,1.0,1.0,0.0,320000.0
140.0,28,3.0,1.0,0.0,0.0,0,0.0,0.0,1.0,0.0,250000.0
136.0,35,3.0,1.0,0.0,0.0,1,0.0,1.0,1.0,1.0,320000.0
131.0,12,2.0,1.0,1.0,0.0,1,0.0,1.0,1.0,1.0,525000.0
128.0,41,2.0,2.0,1.0,0.0,0,0.0,1.0,1.0,1.0,320000.0
126.0,76,3.0,2.0,0.0,0.0,0,0.0,1.0,1.0,1.0,175000.0
125.0,14,4.0,2.0,0.0,0.0,0,0.0,0.0,1.0,0.0,300000.0
125.0,76,2.0,1.0,1.0,0.0,0,0.0,1.0,1.0,1.0,260000.0
120.0,35,3.0,1.0,0.0,0.0,0,0.0,0.0,1.0,0.0,340000.0
120.0,28,2.0,1.0,0.0,0.0,0,0.0,1.0,1.0,1.0,248000.0
120.0,38,3.0,1.0,0.0,0.0,0,0.0,0.0,0.0,0.0,180000.0
113.0,41,3.0,2.0,1.0,0.0,0,0.0,1.0,1.0,1.0,310000.0
110.0,28,3.0,2.0,0.0,0.0,0,0.0,0.0,1.0,1.0,320000.0
110.0,74,2.0,1.0,0.0,0.0,0,0.0,0.0,0.0,1.0,150000.0
109.0,73,2.0,1.0,1.0,0.0,0,0.0,0.0,0.0,0.0,98000.0
106.0,76,3.0,2.0,1.0,0.0,0,0.0,1.0,1.0,1.0,169000.0
105.0,41,2.0,1.0,0.0,0.0,0,0.0,1.0,1.0,1.0,249000.0
103.0,28,1.0,1.0,1.0,0.0,0,0.0,1.0,1.0,1.0,329000.0
101.0,61,2.0,1.0,0.0,0.0,0,0.0,1.0,1.0,1.0,205000.0
100.0,7,2.0,1.0,1.0,0.0,0,0.0,1.0,1.0,1.0,380000.0
100.0,28,3.0,1.0,0.0,0.0,0,0.0,0.0,0.0,1.0,160000.0
100.0,59,2.0,1.0,0.0,0.0,1,0.0,0.0,0.0,0.0,145000.0
97.0,28,3.0,2.0,1.0,0.0,0,0.0,1.0,1.0,1.0,439000.0
96.0,28,1.0,1.0,0.0,0.0,0,0.0,1.0,1.0,1.0,300000.0
93.0,41,2.0,1.0,1.0,0.0,0,0.0,1.0,1.0,1.0,250000.0
91.0,28,1.0,1.0,1.0,0.0,0,0.0,1.0,1.0,1.0,233500.0
90.0,62,2.0,2.0,1.0,0.0,0,0.0,0.0,0.0,0.0,130000.0
90.0,93,5.0,1.0,0.0,0.0,0,0.0,0.0,0.0,0.0,120000.0
88.0,28,2.0,2.0,0.0,0.0,0,0.0,1.0,1.0,1.0,275000.0
75.0,28,1.0,1.0,0.0,0.0,0,0.0,1.0,1.0,1.0,190000.0
73.0,7,1.0,1.0,1.0,0.0,0,0.0,1.0,1.0,1.0,375000.0
73.0,12,1.0,1.0,0.0,0.0,0,0.0,1.0,1.0,1.0,155000.0
70.0,76,2.0,1.0,1.0,0.0,1,0.0,0.0,0.0,0.0,128000.0
67.0,12,1.0,1.0,0.0,0.0,0,0.0,1.0,1.0,1.0,173000.0
65.0,12,1.0,1.0,0.0,0.0,0,0.0,1.0,1.0,0.0,250000.0
64.0,41,1.0,1.0,1.0,0.0,0,0.0,1.0,1.0,1.0,170000.0
64.0,28,1.0,1.0,1.0,0.0,0,0.0,1.0,1.0,1.0,161650.0
60.0,76,1.0,1.0,0.0,0.0,0,0.0,1.0,0.0,0.0,99000.0
58.0,28,1.0,1.0,1.0,0.0,0,0.0,1.0,1.0,1.0,195000.0
57.0,12,1.0,1.0,0.0,0.0,0,0.0,1.0,1.0,1.0,157000.0
56.0,28,1.0,1.0,0.0,0.0,0,0.0,1.0,1.0,1.0,179000.0
55.0,28,1.0,1.0,0.0,0.0,0,0.0,1.0,1.0,1.0,160000.0
52.0,12,1.0,1.0,0.0,0.0,0,0.0,1.0,1.0,0.0,270000.0
50.0,33,1.0,1.0,1.0,0.0,0,0.0,0.0,0.0,1.0,60000.0
49.0,41,1.0,1.0,1.0,0.0,0,0.0,1.0,1.0,1.0,150000.0
45.0,59,1.0,1.0,0.0,0.0,0,0.0,0.0,0.0,0.0,50000.0
37.0,69,1.0,1.0,1.0,0.0,0,0.0,1.0,1.0,1.0,74000.0
