Unnamed: 0.1,Unnamed: 0,category,room_count,bathroom_count,size,type,price,city,region,log_price
0,0,Appartements,2.0,2.0,113.0,À Vendre,170000.0,0,7,5.230448921378274
1,1,Appartements,3.0,2.0,138.0,À Vendre,340000.0,0,43,5.531478917042255
2,2,Appartements,2.0,1.0,80.0,À Vendre,230000.0,0,30,5.361727836017593
3,3,Appartements,4.0,2.0,200.0,À Vendre,440000.0,0,30,5.643452676486188
4,4,Appartements,4.0,1.0,160.0,À Vendre,310000.0,0,8,5.491361693834273
5,5,Appartements,2.0,1.0,89.0,À Vendre,136000.0,0,14,5.133538908370218
6,6,Appartements,2.0,1.0,94.0,À Vendre,185000.0,0,95,5.267171728403014
7,7,Appartements,1.0,1.0,79.0,À Vendre,146150.0,0,38,5.164798819693456
8,8,Appartements,3.0,1.0,157.0,À Vendre,340000.0,0,30,5.531478917042255
9,9,Appartements,2.0,1.0,105.0,À Vendre,225000.0,0,95,5.352182518111363
10,10,Appartements,3.0,1.0,130.0,À Vendre,320000.0,0,30,5.505149978319906
11,11,Appartements,2.0,1.0,120.0,À Vendre,270000.0,0,30,5.431363764158987
12,12,Appartements,3.0,2.0,100.0,À Vendre,170000.0,0,14,5.230448921378274
13,13,Appartements,2.0,1.0,74.0,À Vendre,180000.0,0,30,5.2552725051033065
14,14,Appartements,2.0,1.0,90.0,À Vendre,205000.0,0,5,5.311753861055754
15,15,Appartements,3.0,2.0,151.0,À Vendre,225000.0,0,43,5.352182518111363
16,16,Appartements,4.0,2.0,145.0,À Vendre,410000.0,0,30,5.612783856719736
17,17,Appartements,4.0,1.0,126.0,À Vendre,250000.0,0,30,5.3979400086720375
18,18,Appartements,1.0,1.0,64.0,À Vendre,155000.0,0,8,5.190331698170292
19,19,Appartements,2.0,1.0,105.0,À Vendre,230000.0,0,43,5.361727836017593
20,20,Appartements,3.0,1.0,163.0,À Vendre,340000.0,0,14,5.531478917042255
21,21,Appartements,3.0,1.0,76.0,À Vendre,115000.0,0,19,5.060697840353612
22,22,Appartements,2.0,2.0,130.0,À Vendre,28000.0,0,43,4.447158031342219
23,23,Appartements,4.0,3.0,370.0,À Vendre,1100000.0,0,95,6.041392685158225
24,24,Appartements,3.0,2.0,143.0,À Vendre,360000.0,0,95,5.556302500767287
25,25,Appartements,4.0,2.0,200.0,À Vendre,360000.0,0,30,5.556302500767287
26,26,Appartements,3.0,1.0,150.0,À Vendre,350000.0,0,30,5.544068044350276
27,27,Appartements,2.0,1.0,130.0,À Vendre,300000.0,0,30,5.477121254719663
28,28,Appartements,4.0,2.0,120.0,À Vendre,200000.0,0,8,5.301029995663981
29,29,Appartements,1.0,1.0,56.0,À Vendre,158000.0,0,43,5.198657086954422
30,30,Appartements,2.0,2.0,136.0,À Vendre,300000.0,0,30,5.477121254719663
31,31,Appartements,3.0,2.0,140.0,À Vendre,275000.0,0,43,5.439332693830263
32,32,Appartements,3.0,1.0,110.0,À Vendre,150000.0,0,88,5.176091259055681
33,33,Appartements,2.0,1.0,100.0,À Vendre,230000.0,0,43,5.361727836017593
34,34,Appartements,2.0,1.0,120.0,À Vendre,240000.0,0,30,5.380211241711606
35,35,Appartements,3.0,1.0,165.0,À Vendre,1050000.0,0,43,6.021189299069938
36,36,Appartements,2.0,1.0,126.0,À Vendre,330000.0,0,30,5.518513939877887
37,37,Appartements,3.0,3.0,278.0,À Vendre,750000.0,0,95,5.8750612633917
38,38,Appartements,2.0,2.0,186.0,À Vendre,470000.0,0,95,5.672097857935717
39,39,Appartements,3.0,3.0,188.0,À Vendre,650000.0,0,95,5.812913356642856
40,40,Appartements,4.0,3.0,370.0,À Vendre,1100000.0,0,95,6.041392685158225
41,41,Appartements,1.0,1.0,87.0,À Vendre,243000.0,0,30,5.385606273598312
42,42,Appartements,3.0,3.0,165.0,À Vendre,650000.0,0,95,5.812913356642856
43,43,Appartements,4.0,2.0,130.0,À Vendre,285000.0,0,43,5.45484486000851
44,44,Appartements,1.0,1.0,60.0,À Vendre,180000.0,0,30,5.2552725051033065
45,45,Appartements,1.0,1.0,75.0,À Vendre,190000.0,0,30,5.278753600952829
46,46,Appartements,4.0,1.0,100.0,À Vendre,400000.0,0,8,5.6020599913279625
47,47,Appartements,3.0,2.0,138.0,À Vendre,295000.0,0,7,5.469822015978163
48,48,Appartements,1.0,1.0,72.0,À Vendre,160000.0,0,19,5.204119982655925
49,49,Appartements,2.0,1.0,62.0,À Vendre,109000.0,0,19,5.037426497940624
50,50,Appartements,3.0,1.0,85.0,À Vendre,150000.0,0,14,5.176091259055681
51,51,Appartements,2.0,1.0,52.0,À Vendre,85000.0,0,5,4.929418925714293
52,52,Appartements,3.0,2.0,120.0,À Vendre,245000.0,0,5,5.389166084364533
53,53,Appartements,3.0,2.0,153.0,À Vendre,339000.0,0,5,5.5301996982030825
54,54,Appartements,2.0,1.0,115.0,À Vendre,168000.0,0,38,5.225309281725863
55,55,Appartements,3.0,1.0,100.0,À Vendre,125000.0,0,88,5.096910013008056
56,56,Appartements,2.0,1.0,70.0,À Vendre,230000.0,0,5,5.361727836017593
57,57,Appartements,3.0,2.0,125.0,À Vendre,210000.0,0,38,5.32221929473392
58,58,Appartements,4.0,2.0,157.0,À Vendre,441000.0,0,30,5.644438589467838
59,59,Appartements,3.0,2.0,187.0,À Vendre,570000.0,0,95,5.755874855672492
60,60,Appartements,1.0,1.0,57.0,À Vendre,145000.0,0,43,5.161368002234975
61,61,Appartements,2.0,2.0,126.0,À Vendre,330000.0,0,43,5.518513939877887
62,62,Appartements,3.0,2.0,163.0,À Vendre,340000.0,0,30,5.531478917042255
63,63,Appartements,2.0,1.0,105.0,À Vendre,220000.0,0,30,5.342422680822207
64,64,Appartements,4.0,1.0,153.0,À Vendre,360000.0,0,5,5.556302500767287
65,65,Appartements,2.0,1.0,120.0,À Vendre,230000.0,0,43,5.361727836017593
66,66,Appartements,2.0,1.0,100.0,À Vendre,90000.0,0,14,4.954242509439325
67,67,Appartements,3.0,2.0,140.0,À Vendre,290000.0,0,95,5.4623979978989565
68,68,Appartements,4.0,2.0,170.0,À Vendre,295000.0,0,30,5.469822015978163
69,69,Appartements,3.0,1.0,76.0,À Vendre,120000.0,0,5,5.079181246047625
70,70,Appartements,3.0,1.0,160.0,À Vendre,310000.0,0,30,5.491361693834273
71,71,Appartements,4.0,1.0,130.0,À Vendre,95000.0,0,14,4.977723605288848
72,72,Appartements,2.0,2.0,100.0,À Vendre,310000.0,0,95,5.491361693834273
73,73,Appartements,2.0,1.0,72.0,À Vendre,160000.0,0,19,5.204119982655925
74,74,Appartements,3.0,1.0,110.0,À Vendre,220000.0,0,14,5.342422680822207
75,75,Appartements,3.0,1.0,170.0,À Vendre,350000.0,0,30,5.544068044350276
76,76,Appartements,2.0,1.0,120.0,À Vendre,280000.0,0,95,5.447158031342219
77,77,Appartements,3.0,2.0,155.0,À Vendre,300000.0,0,95,5.477121254719663
78,78,Appartements,3.0,2.0,175.0,À Vendre,440000.0,0,8,5.643452676486188
79,79,Appartements,3.0,1.0,170.0,À Vendre,350000.0,0,30,5.544068044350276
80,80,Appartements,2.0,2.0,140.0,À Vendre,240000.0,0,95,5.380211241711606
81,81,Appartements,4.0,1.0,100.0,À Vendre,170000.0,0,14,5.230448921378274
82,82,Appartements,4.0,3.0,174.0,À Vendre,500000.0,0,95,5.698970004336019
83,83,Appartements,2.0,1.0,107.0,À Vendre,220000.0,0,95,5.342422680822207
84,84,Appartements,2.0,2.0,122.0,À Vendre,268000.0,0,95,5.4281347940287885
85,85,Appartements,2.0,2.0,115.0,À Vendre,310000.0,0,95,5.491361693834273
86,86,Appartements,3.0,2.0,200.0,À Vendre,355000.0,0,30,5.550228353055094
87,87,Appartements,2.0,1.0,90.0,À Vendre,135000.0,0,14,5.130333768495007
88,88,Appartements,3.0,3.0,187.0,À Vendre,465000.0,0,30,5.6674529528899535
89,89,Appartements,3.0,3.0,191.0,À Vendre,370000.0,0,30,5.568201724066995
90,90,Appartements,2.0,1.0,120.0,À Vendre,270000.0,0,30,5.431363764158987
91,91,Appartements,3.0,2.0,169.0,À Vendre,410000.0,0,30,5.612783856719736
92,92,Appartements,2.0,2.0,124.0,À Vendre,284000.0,0,19,5.453318340047038
93,93,Appartements,2.0,1.0,60.0,À Vendre,180000.0,0,30,5.2552725051033065
94,94,Appartements,1.0,1.0,72.0,À Vendre,1900000.0,0,14,6.278753600952829
95,95,Appartements,2.0,1.0,90.0,À Vendre,160000.0,0,14,5.204119982655925
96,96,Appartements,1.0,1.0,58.0,À Vendre,109000.0,0,19,5.037426497940624
97,97,Appartements,3.0,1.0,160.0,À Vendre,350000.0,0,30,5.544068044350276
98,98,Appartements,4.0,2.0,253.0,À Vendre,2400000.0,0,30,6.380211241711606
99,99,Appartements,3.0,1.0,140.0,À Vendre,300000.0,0,30,5.477121254719663
100,100,Appartements,3.0,2.0,200.0,À Vendre,550000.0,0,95,5.740362689494244
101,101,Appartements,3.0,1.0,70.0,À Vendre,110000.0,0,14,5.041392685158225
102,102,Appartements,4.0,1.0,170.0,À Vendre,2600000.0,0,95,6.414973347970818
103,103,Appartements,3.0,1.0,150.0,À Vendre,320000.0,0,30,5.505149978319906
104,104,Appartements,2.0,1.0,143.0,À Vendre,360000.0,0,95,5.556302500767287
105,105,Appartements,3.0,1.0,121.0,À Vendre,167500.0,0,95,5.224014811372864
106,106,Appartements,3.0,2.0,140.0,À Vendre,280000.0,0,43,5.447158031342219
107,107,Appartements,3.0,2.0,170.0,À Vendre,430000.0,0,30,5.633468455579586
108,108,Appartements,1.0,1.0,45.0,À Vendre,80000.0,0,95,4.903089986991944
109,109,Appartements,3.0,1.0,98.0,À Vendre,130000.0,0,5,5.113943352306837
110,110,Appartements,4.0,2.0,165.0,À Vendre,310000.0,0,8,5.491361693834273
111,111,Appartements,1.0,1.0,60.0,À Vendre,180000.0,0,30,5.2552725051033065
112,112,Appartements,3.0,1.0,75.0,À Vendre,130000.0,0,14,5.113943352306837
113,113,Appartements,3.0,1.0,121.0,À Vendre,167500.0,0,95,5.224014811372864
114,114,Appartements,2.0,1.0,95.0,À Vendre,220000.0,0,95,5.342422680822207
115,115,Appartements,2.0,1.0,126.0,À Vendre,330000.0,0,43,5.518513939877887
116,116,Appartements,2.0,1.0,100.0,À Vendre,223000.0,0,95,5.348304863048161
117,117,Appartements,1.0,1.0,60.0,À Vendre,180000.0,0,8,5.2552725051033065
118,118,Appartements,2.0,1.0,60.0,À Vendre,170000.0,0,95,5.230448921378274
119,119,Appartements,2.0,1.0,108.0,À Vendre,210000.0,0,14,5.32221929473392
120,120,Appartements,2.0,1.0,170.0,À Vendre,330000.0,0,30,5.518513939877887
121,121,Appartements,1.0,1.0,45.0,À Vendre,120000.0,0,30,5.079181246047625
122,122,Appartements,3.0,1.0,140.0,À Vendre,275000.0,0,43,5.439332693830263
123,123,Appartements,1.0,1.0,60.0,À Vendre,155000.0,0,30,5.190331698170292
124,124,Appartements,3.0,1.0,117.0,À Vendre,270000.0,0,95,5.431363764158987
125,125,Appartements,2.0,1.0,80.0,À Vendre,195000.0,0,72,5.290034611362518
126,126,Appartements,2.0,1.0,128.0,À Vendre,365000.0,0,95,5.562292864456475
127,127,Appartements,1.0,1.0,60.0,À Vendre,170000.0,0,19,5.230448921378274
128,128,Appartements,3.0,1.0,140.0,À Vendre,230000.0,0,43,5.361727836017593
129,129,Appartements,2.0,1.0,80.0,À Vendre,119000.0,0,14,5.075546961392531
130,130,Appartements,1.0,1.0,60.0,À Vendre,100000.0,0,95,5.0
131,131,Appartements,4.0,2.0,200.0,À Vendre,420000.0,0,43,5.623249290397901
132,132,Appartements,3.0,2.0,138.0,À Vendre,340000.0,0,43,5.531478917042255
133,133,Appartements,4.0,1.0,121.0,À Vendre,140000.0,0,32,5.146128035678238
134,134,Appartements,4.0,3.0,260.0,À Vendre,840000.0,0,95,5.924279286061882
135,135,Appartements,3.0,1.0,100.0,À Vendre,300000.0,0,7,5.477121254719663
136,136,Appartements,2.0,1.0,74.0,À Vendre,180000.0,0,43,5.2552725051033065
137,137,Appartements,3.0,1.0,75.0,À Vendre,110000.0,0,14,5.041392685158225
138,138,Appartements,4.0,1.0,165.0,À Vendre,310000.0,0,7,5.491361693834273
139,139,Appartements,1.0,1.0,68.0,À Vendre,195000.0,0,8,5.290034611362518
140,140,Appartements,3.0,2.0,140.0,À Vendre,275000.0,0,30,5.439332693830263
141,141,Appartements,2.0,1.0,80.0,À Vendre,173000.0,0,30,5.238046103128795
142,142,Appartements,3.0,2.0,149.0,À Vendre,275000.0,0,8,5.439332693830263
143,143,Appartements,3.0,1.0,100.0,À Vendre,265000.0,0,7,5.423245873936808
144,144,Appartements,2.0,1.0,120.0,À Vendre,270000.0,0,30,5.431363764158987
145,145,Appartements,3.0,1.0,152.0,À Vendre,260000.0,0,5,5.414973347970818
146,146,Appartements,1.0,1.0,67.0,À Vendre,160000.0,0,38,5.204119982655925
147,147,Appartements,3.0,1.0,74.0,À Vendre,180000.0,0,43,5.2552725051033065
148,148,Appartements,3.0,1.0,135.0,À Vendre,345000.0,0,30,5.537819095073274
149,149,Appartements,2.0,2.0,125.0,À Vendre,312000.0,0,95,5.494154594018442
150,150,Appartements,3.0,1.0,96.0,À Vendre,165000.0,0,95,5.217483944213907
151,151,Appartements,2.0,1.0,91.0,À Vendre,185000.0,0,5,5.267171728403014
152,152,Appartements,1.0,1.0,63.0,À Vendre,175000.0,0,95,5.243038048686294
153,153,Appartements,2.0,1.0,100.0,À Vendre,250000.0,0,30,5.3979400086720375
154,154,Appartements,2.0,1.0,133.0,À Vendre,356000.0,0,30,5.551449997972875
155,155,Appartements,2.0,1.0,81.0,À Vendre,260000.0,0,30,5.414973347970818
156,156,Appartements,2.0,1.0,85.0,À Vendre,150000.0,0,7,5.176091259055681
157,157,Appartements,3.0,1.0,112.0,À Vendre,185000.0,0,14,5.267171728403014
158,158,Appartements,2.0,1.0,50.0,À Vendre,68000.0,0,14,4.832508912706237
159,159,Appartements,3.0,1.0,100.0,À Vendre,270000.0,0,95,5.431363764158987
160,160,Appartements,3.0,1.0,80.0,À Vendre,95000.0,0,8,4.977723605288848
161,161,Appartements,3.0,1.0,250.0,À Vendre,950000.0,0,95,5.977723605288848
162,162,Appartements,4.0,2.0,186.0,À Vendre,380000.0,0,30,5.57978359661681
163,163,Appartements,2.0,1.0,70.0,À Vendre,170000.0,0,95,5.230448921378274
164,164,Appartements,2.0,2.0,124.0,À Vendre,229400.0,0,38,5.360593413565248
165,165,Appartements,2.0,1.0,100.0,À Vendre,230000.0,0,43,5.361727836017593
166,166,Appartements,3.0,2.0,160.0,À Vendre,270000.0,0,95,5.431363764158987
167,167,Appartements,2.0,1.0,128.0,À Vendre,360000.0,0,95,5.556302500767287
168,168,Appartements,2.0,1.0,131.0,À Vendre,181000.0,0,95,5.2576785748691846
169,169,Appartements,2.0,1.0,144.0,À Vendre,430000.0,0,95,5.633468455579586
170,170,Appartements,3.0,1.0,110.0,À Vendre,120000.0,0,5,5.079181246047625
171,171,Appartements,3.0,1.0,150.0,À Vendre,320000.0,0,30,5.505149978319906
172,172,Appartements,3.0,1.0,140.0,À Vendre,290000.0,0,38,5.4623979978989565
173,173,Appartements,3.0,2.0,96.0,À Vendre,220000.0,0,7,5.342422680822207
174,174,Appartements,2.0,1.0,100.0,À Vendre,220000.0,0,5,5.342422680822207
175,175,Appartements,1.0,1.0,70.0,À Vendre,195000.0,0,95,5.290034611362518
176,176,Appartements,2.0,2.0,116.0,À Vendre,310000.0,0,19,5.491361693834273
177,177,Appartements,4.0,2.0,222.0,À Vendre,530000.0,0,30,5.724275869600789
178,178,Appartements,3.0,2.0,170.0,À Vendre,415000.0,0,30,5.6180480967120925
179,179,Appartements,3.0,2.0,200.0,À Vendre,530000.0,0,30,5.724275869600789
180,180,Appartements,2.0,1.0,105.0,À Vendre,205000.0,0,38,5.311753861055754
181,181,Appartements,3.0,2.0,112.0,À Vendre,260000.0,0,8,5.414973347970818
182,182,Appartements,3.0,1.0,138.0,À Vendre,280000.0,0,8,5.447158031342219
183,183,Appartements,3.0,2.0,170.0,À Vendre,375000.0,0,8,5.574031267727719
184,184,Appartements,2.0,1.0,80.0,À Vendre,120000.0,0,8,5.079181246047625
185,185,Appartements,2.0,1.0,106.0,À Vendre,240000.0,0,95,5.380211241711606
186,186,Appartements,3.0,1.0,113.0,À Vendre,220000.0,0,95,5.342422680822207
187,187,Appartements,1.0,1.0,31.0,À Vendre,95000.0,0,88,4.977723605288848
188,188,Appartements,2.0,1.0,94.0,À Vendre,130000.0,0,38,5.113943352306837
189,189,Appartements,2.0,1.0,105.0,À Vendre,215000.0,0,38,5.332438459915605
190,190,Appartements,3.0,1.0,100.0,À Vendre,107000.0,0,14,5.02938377768521
191,191,Appartements,3.0,2.0,153.0,À Vendre,230000.0,0,8,5.361727836017593
192,192,Appartements,4.0,3.0,157.0,À Vendre,360000.0,0,30,5.556302500767287
193,193,Appartements,3.0,3.0,200.0,À Vendre,485000.0,0,30,5.685741738602264
194,194,Appartements,3.0,2.0,150.0,À Vendre,395000.0,0,30,5.596597095626461
195,195,Appartements,3.0,1.0,75.0,À Vendre,120000.0,0,8,5.079181246047625
196,196,Appartements,3.0,2.0,205.0,À Vendre,350000.0,0,38,5.544068044350276
197,197,Appartements,2.0,1.0,105.0,À Vendre,220000.0,0,30,5.342422680822207
198,198,Appartements,2.0,2.0,205.0,À Vendre,350000.0,0,38,5.544068044350276
199,199,Appartements,2.0,1.0,111.0,À Vendre,220000.0,0,30,5.342422680822207
200,200,Appartements,2.0,1.0,63.0,À Vendre,175000.0,0,8,5.243038048686294
201,201,Appartements,3.0,2.0,169.0,À Vendre,360000.0,0,30,5.556302500767287
202,202,Appartements,3.0,2.0,130.0,À Vendre,245000.0,0,5,5.389166084364533
203,203,Appartements,3.0,2.0,135.0,À Vendre,335000.0,0,7,5.525044807036846
204,204,Appartements,2.0,1.0,109.0,À Vendre,110000.0,0,8,5.041392685158225
205,205,Appartements,3.0,2.0,140.0,À Vendre,260000.0,0,95,5.414973347970818
206,206,Appartements,3.0,2.0,110.0,À Vendre,165000.0,0,8,5.217483944213907
207,207,Appartements,4.0,1.0,78.0,À Vendre,155000.0,0,8,5.190331698170292
208,208,Appartements,3.0,1.0,170.0,À Vendre,405000.0,0,95,5.607455023214668
209,209,Appartements,3.0,3.0,140.0,À Vendre,360000.0,0,8,5.556302500767287
210,210,Appartements,3.0,1.0,76.0,À Vendre,115000.0,0,95,5.060697840353612
211,211,Appartements,2.0,1.0,75.0,À Vendre,98000.0,0,14,4.991226075692495
212,212,Appartements,3.0,2.0,126.0,À Vendre,250000.0,0,8,5.3979400086720375
213,213,Appartements,2.0,1.0,120.0,À Vendre,270000.0,0,30,5.431363764158987
214,214,Appartements,2.0,1.0,75.0,À Vendre,120000.0,0,72,5.079181246047625
215,215,Appartements,1.0,1.0,60.0,À Vendre,155000.0,0,30,5.190331698170292
216,216,Appartements,3.0,1.0,135.0,À Vendre,345000.0,0,30,5.537819095073274
217,217,Appartements,3.0,1.0,154.0,À Vendre,320000.0,0,95,5.505149978319906
218,218,Appartements,3.0,1.0,65.0,À Vendre,95000.0,0,38,4.977723605288848
219,219,Appartements,2.0,1.0,130.0,À Vendre,320000.0,0,95,5.505149978319906
220,220,Appartements,3.0,3.0,153.0,À Vendre,350000.0,0,8,5.544068044350276
221,221,Appartements,4.0,1.0,100.0,À Vendre,280000.0,0,30,5.447158031342219
222,222,Appartements,1.0,1.0,55.0,À Vendre,145000.0,0,43,5.161368002234975
223,223,Appartements,2.0,1.0,130.0,À Vendre,280000.0,0,43,5.447158031342219
224,224,Appartements,4.0,3.0,300.0,À Vendre,390000.0,0,88,5.5910646070265
225,225,Appartements,2.0,2.0,121.0,À Vendre,328000.0,0,95,5.515873843711679
226,226,Appartements,1.0,1.0,64.0,À Vendre,161000.0,0,7,5.20682587603185
227,227,Appartements,2.0,2.0,132.0,À Vendre,300000.0,0,95,5.477121254719663
228,228,Appartements,2.0,1.0,128.0,À Vendre,237000.0,0,95,5.374748346010104
229,229,Appartements,2.0,2.0,135.0,À Vendre,328000.0,0,95,5.515873843711679
230,230,Appartements,2.0,2.0,146.0,À Vendre,350000.0,0,30,5.544068044350276
231,231,Appartements,3.0,2.0,131.0,À Vendre,370000.0,0,30,5.568201724066995
232,232,Appartements,3.0,1.0,126.0,À Vendre,330000.0,0,43,5.518513939877887
233,233,Appartements,3.0,1.0,90.0,À Vendre,200000.0,0,72,5.301029995663981
234,234,Appartements,2.0,1.0,80.0,À Vendre,125000.0,0,88,5.096910013008056
235,235,Appartements,2.0,1.0,75.0,À Vendre,1100000.0,0,8,6.041392685158225
236,236,Appartements,3.0,2.0,190.0,À Vendre,260000.0,0,8,5.414973347970818
237,237,Appartements,3.0,2.0,180.0,À Vendre,420000.0,0,8,5.623249290397901
238,238,Appartements,3.0,1.0,139.0,À Vendre,245000.0,0,95,5.389166084364533
239,239,Appartements,2.0,1.0,120.0,À Vendre,100000.0,0,95,5.0
240,240,Appartements,3.0,1.0,128.0,À Vendre,240000.0,0,95,5.380211241711606
241,241,Appartements,3.0,2.0,170.0,À Vendre,350000.0,0,8,5.544068044350276
242,242,Appartements,1.0,1.0,45.0,À Vendre,145000.0,0,94,5.161368002234975
243,243,Appartements,1.0,1.0,68.0,À Vendre,170000.0,0,30,5.230448921378274
244,244,Appartements,1.0,1.0,67.0,À Vendre,178000.0,0,30,5.250420002308894
245,245,Appartements,4.0,3.0,167.0,À Vendre,370000.0,0,30,5.568201724066995
246,246,Appartements,3.0,1.0,98.0,À Vendre,200000.0,0,14,5.301029995663981
247,247,Appartements,2.0,2.0,116.0,À Vendre,160000.0,0,19,5.204119982655925
248,248,Appartements,2.0,2.0,140.0,À Vendre,180000.0,0,14,5.2552725051033065
249,249,Appartements,2.0,1.0,75.0,À Vendre,190000.0,0,30,5.278753600952829
250,250,Appartements,3.0,3.0,191.0,À Vendre,529000.0,0,95,5.723455672035186
251,251,Appartements,3.0,1.0,178.0,À Vendre,369510.0,0,30,5.5676261961437055
252,252,Appartements,4.0,1.0,105.0,À Vendre,180000.0,0,14,5.2552725051033065
253,253,Appartements,2.0,1.0,115.0,À Vendre,255000.0,0,30,5.406540180433956
254,254,Appartements,4.0,1.0,110.0,À Vendre,220000.0,0,95,5.342422680822207
255,255,Appartements,2.0,1.0,80.0,À Vendre,120000.0,0,14,5.079181246047625
256,256,Appartements,3.0,2.0,112.0,À Vendre,260000.0,0,30,5.414973347970818
257,257,Appartements,2.0,1.0,124.0,À Vendre,265000.0,0,43,5.423245873936808
258,258,Appartements,3.0,2.0,122.0,À Vendre,280000.0,0,95,5.447158031342219
259,259,Appartements,2.0,1.0,65.0,À Vendre,140000.0,0,38,5.146128035678238
260,260,Appartements,4.0,3.0,163.0,À Vendre,360000.0,0,30,5.556302500767287
261,261,Appartements,3.0,1.0,105.0,À Vendre,158000.0,0,14,5.198657086954422
262,262,Appartements,4.0,2.0,307.0,À Vendre,1300000.0,0,95,6.113943352306837
263,263,Appartements,3.0,1.0,90.0,À Vendre,160000.0,0,43,5.204119982655925
264,264,Appartements,4.0,3.0,150.0,À Vendre,350000.0,0,95,5.544068044350276
265,265,Appartements,2.0,1.0,110.0,À Vendre,250000.0,0,38,5.3979400086720375
266,266,Appartements,2.0,1.0,90.0,À Vendre,200000.0,0,7,5.301029995663981
267,267,Appartements,2.0,2.0,110.0,À Vendre,220000.0,0,5,5.342422680822207
268,268,Appartements,2.0,1.0,128.0,À Vendre,237000.0,0,95,5.374748346010104
269,269,Appartements,2.0,1.0,107.0,À Vendre,220000.0,0,95,5.342422680822207
270,270,Appartements,2.0,2.0,132.0,À Vendre,300000.0,0,95,5.477121254719663
271,271,Appartements,3.0,2.0,158.0,À Vendre,340000.0,0,95,5.531478917042255
272,272,Appartements,4.0,3.0,174.0,À Vendre,500000.0,0,95,5.698970004336019
273,273,Appartements,3.0,1.0,120.0,À Vendre,300000.0,0,38,5.477121254719663
274,274,Appartements,2.0,2.0,122.0,À Vendre,268000.0,0,95,5.4281347940287885
275,275,Appartements,3.0,1.0,100.0,À Vendre,230000.0,0,30,5.361727836017593
276,276,Appartements,3.0,2.0,168.0,À Vendre,370000.0,0,8,5.568201724066995
277,277,Appartements,1.0,1.0,67.0,À Vendre,179000.0,0,30,5.252853030979893
278,278,Appartements,3.0,3.0,156.0,À Vendre,335000.0,0,30,5.525044807036846
279,279,Appartements,3.0,3.0,199.0,À Vendre,410000.0,0,30,5.612783856719736
280,280,Appartements,3.0,1.0,65.0,À Vendre,95000.0,0,38,4.977723605288848
281,281,Appartements,2.0,1.0,76.0,À Vendre,115000.0,0,88,5.060697840353612
282,282,Appartements,3.0,2.0,188.0,À Vendre,760000.0,0,30,5.880813592280791
283,283,Appartements,3.0,1.0,70.0,À Vendre,110000.0,0,5,5.041392685158225
284,284,Appartements,2.0,1.0,100.0,À Vendre,215000.0,0,95,5.332438459915605
285,285,Appartements,1.0,1.0,70.0,À Vendre,123000.0,0,5,5.089905111439398
286,286,Appartements,1.0,1.0,55.0,À Vendre,125000.0,0,38,5.096910013008056
287,287,Appartements,3.0,2.0,170.0,À Vendre,350000.0,0,30,5.544068044350276
288,288,Appartements,3.0,2.0,147.0,À Vendre,270000.0,0,7,5.431363764158987
289,289,Appartements,3.0,3.0,186.0,À Vendre,465000.0,0,95,5.6674529528899535
290,290,Appartements,3.0,1.0,180.0,À Vendre,320000.0,0,30,5.505149978319906
291,291,Appartements,3.0,2.0,177.0,À Vendre,445000.0,0,8,5.648360010980932
292,292,Appartements,2.0,1.0,75.0,À Vendre,110000.0,0,88,5.041392685158225
293,293,Appartements,4.0,2.0,180.0,À Vendre,430000.0,0,38,5.633468455579586
294,294,Appartements,2.0,1.0,56.0,À Vendre,158000.0,0,43,5.198657086954422
295,295,Appartements,3.0,2.0,138.0,À Vendre,340000.0,0,43,5.531478917042255
296,296,Appartements,1.0,1.0,500.0,À Vendre,200000.0,0,19,5.301029995663981
297,297,Appartements,3.0,1.0,120.0,À Vendre,240000.0,0,95,5.380211241711606
298,298,Appartements,2.0,1.0,92.0,À Vendre,190000.0,0,38,5.278753600952829
299,299,Appartements,4.0,2.0,175.0,À Vendre,300000.0,0,30,5.477121254719663
300,300,Appartements,3.0,1.0,147.0,À Vendre,350000.0,0,30,5.544068044350276
301,301,Appartements,3.0,1.0,126.0,À Vendre,255000.0,0,5,5.406540180433956
302,302,Appartements,4.0,1.0,116.0,À Vendre,165000.0,0,7,5.217483944213907
303,303,Appartements,1.0,1.0,75.0,À Vendre,190000.0,0,30,5.278753600952829
304,304,Appartements,2.0,1.0,126.0,À Vendre,330000.0,0,43,5.518513939877887
305,305,Appartements,2.0,1.0,65.0,À Vendre,180000.0,0,30,5.2552725051033065
306,306,Appartements,2.0,1.0,104.0,À Vendre,205000.0,0,30,5.311753861055754
307,307,Appartements,2.0,1.0,111.0,À Vendre,154000.0,0,19,5.187520720836463
308,308,Appartements,2.0,2.0,131.0,À Vendre,181000.0,0,19,5.2576785748691846
309,309,Appartements,3.0,1.0,190.0,À Vendre,340000.0,0,95,5.531478917042255
310,310,Appartements,1.0,1.0,70.0,À Vendre,120000.0,0,30,5.079181246047625
311,311,Appartements,3.0,2.0,162.0,À Vendre,356994.0,0,30,5.552660916983933
312,312,Appartements,3.0,1.0,82.0,À Vendre,230000.0,0,43,5.361727836017593
313,313,Appartements,3.0,2.0,148.0,À Vendre,420000.0,0,95,5.623249290397901
314,314,Appartements,2.0,1.0,70.0,À Vendre,28898899.0,0,8,7.460881297174092
315,315,Appartements,2.0,1.0,112.0,À Vendre,190000.0,0,95,5.278753600952829
316,316,Appartements,2.0,1.0,67.0,À Vendre,87000000.0,0,14,7.939519252618618
317,317,Appartements,4.0,2.0,99.0,À Vendre,200000.0,0,14,5.301029995663981
318,318,Appartements,3.0,2.0,500.0,À Vendre,390000.0,0,14,5.5910646070265
319,319,Appartements,4.0,1.0,110.0,À Vendre,143000.0,0,5,5.155336037465061
320,320,Appartements,4.0,1.0,140.0,À Vendre,235000.0,0,43,5.371067862271736
321,321,Appartements,3.0,3.0,160.0,À Vendre,350000.0,0,95,5.544068044350276
322,322,Appartements,3.0,1.0,120.0,À Vendre,150000.0,0,72,5.176091259055681
323,323,Appartements,3.0,1.0,100.0,À Vendre,150000.0,0,5,5.176091259055681
324,324,Appartements,3.0,3.0,135.0,À Vendre,300000.0,0,30,5.477121254719663
325,325,Appartements,3.0,2.0,120.0,À Vendre,220000.0,0,38,5.342422680822207
326,326,Appartements,2.0,2.0,124.0,À Vendre,200000.0,0,38,5.301029995663981
327,327,Appartements,2.0,2.0,129.0,À Vendre,360000.0,0,95,5.556302500767287
328,328,Appartements,3.0,1.0,100.0,À Vendre,130000.0,0,14,5.113943352306837
329,329,Appartements,2.0,1.0,88.0,À Vendre,205000.0,0,8,5.311753861055754
330,330,Appartements,3.0,2.0,135.0,À Vendre,280000.0,0,30,5.447158031342219
331,331,Appartements,3.0,2.0,151.0,À Vendre,335000.0,0,30,5.525044807036846
332,332,Appartements,2.0,1.0,90.0,À Vendre,210000.0,0,30,5.32221929473392
333,333,Appartements,3.0,1.0,122.0,À Vendre,185000.0,0,95,5.267171728403014
334,334,Appartements,3.0,1.0,121.0,À Vendre,185000.0,0,95,5.267171728403014
335,335,Appartements,3.0,1.0,111.0,À Vendre,300000.0,0,30,5.477121254719663
336,336,Appartements,3.0,1.0,150.0,À Vendre,390000.0,0,95,5.5910646070265
337,337,Appartements,3.0,2.0,198.0,À Vendre,420000.0,0,30,5.623249290397901
338,338,Appartements,4.0,3.0,174.0,À Vendre,511536.0,0,30,5.708876203153131
339,339,Appartements,3.0,3.0,158.0,À Vendre,345000.0,0,95,5.537819095073274
340,340,Appartements,2.0,2.0,125.0,À Vendre,259000.0,0,30,5.413299764081252
341,341,Appartements,4.0,2.0,205.0,À Vendre,295000.0,0,30,5.469822015978163
342,342,Appartements,2.0,2.0,117.0,À Vendre,259000.0,0,30,5.413299764081252
343,343,Appartements,2.0,1.0,125.0,À Vendre,190000.0,0,8,5.278753600952829
344,344,Appartements,2.0,1.0,92.0,À Vendre,195000.0,0,38,5.290034611362518
345,345,Appartements,1.0,1.0,60.0,À Vendre,120000.0,0,95,5.079181246047625
346,346,Appartements,2.0,1.0,130.0,À Vendre,280000.0,0,43,5.447158031342219
347,347,Appartements,2.0,2.0,90.0,À Vendre,125000.0,0,38,5.096910013008056
348,348,Appartements,3.0,1.0,140.0,À Vendre,300000.0,0,30,5.477121254719663
349,349,Appartements,3.0,3.0,201.0,À Vendre,565000.0,0,8,5.752048447819439
350,350,Appartements,1.0,1.0,114.0,À Vendre,143000.0,0,38,5.155336037465061
351,351,Appartements,3.0,1.0,150.0,À Vendre,320000.0,0,30,5.505149978319906
352,352,Appartements,1.0,1.0,71.0,À Vendre,1600000.0,0,14,6.204119982655925
353,353,Appartements,3.0,3.0,162.0,À Vendre,416000.0,0,95,5.619093330626742
354,354,Appartements,1.0,1.0,60.0,À Vendre,150000.0,0,38,5.176091259055681
355,355,Appartements,1.0,1.0,68.0,À Vendre,1780000.0,0,14,6.250420002308894
356,356,Appartements,1.0,1.0,72.0,À Vendre,1900000.0,0,14,6.278753600952829
357,357,Appartements,1.0,1.0,58.0,À Vendre,109000.0,0,19,5.037426497940624
358,358,Appartements,2.0,1.0,77.0,À Vendre,175000.0,0,8,5.243038048686294
359,359,Appartements,3.0,2.0,156.0,À Vendre,285000.0,0,30,5.45484486000851
360,360,Appartements,3.0,3.0,198.0,À Vendre,420000.0,0,30,5.623249290397901
361,361,Appartements,3.0,1.0,109.0,À Vendre,180000.0,0,38,5.2552725051033065
362,362,Appartements,3.0,1.0,80.0,À Vendre,130000.0,0,95,5.113943352306837
363,363,Appartements,3.0,3.0,175.0,À Vendre,330000.0,0,19,5.518513939877887
364,364,Appartements,3.0,1.0,124.0,À Vendre,250000.0,0,95,5.3979400086720375
365,365,Appartements,4.0,2.0,180.0,À Vendre,310000.0,0,95,5.491361693834273
366,366,Appartements,2.0,1.0,111.0,À Vendre,170000.0,0,5,5.230448921378274
367,367,Appartements,1.0,1.0,54.0,À Vendre,150000.0,0,5,5.176091259055681
368,368,Appartements,3.0,1.0,65.0,À Vendre,95000.0,0,38,4.977723605288848
369,369,Appartements,2.0,1.0,75.0,À Vendre,190000.0,0,30,5.278753600952829
370,370,Appartements,1.0,1.0,60.0,À Vendre,100000.0,0,95,5.0
371,371,Appartements,2.0,1.0,126.0,À Vendre,250000.0,0,30,5.3979400086720375
372,372,Appartements,2.0,1.0,130.0,À Vendre,280000.0,0,43,5.447158031342219
373,373,Appartements,3.0,2.0,134.0,À Vendre,355000.0,0,30,5.550228353055094
374,374,Appartements,2.0,1.0,117.0,À Vendre,220000.0,0,7,5.342422680822207
375,375,Appartements,2.0,2.0,138.0,À Vendre,358000.0,0,30,5.553883026643875
376,376,Appartements,3.0,1.0,154.0,À Vendre,320000.0,0,95,5.505149978319906
377,377,Appartements,4.0,1.0,150.0,À Vendre,375000.0,0,5,5.574031267727719
378,378,Appartements,1.0,1.0,60.0,À Vendre,100000.0,0,95,5.0
379,379,Appartements,1.0,1.0,48.0,À Vendre,150000.0,0,30,5.176091259055681
380,380,Appartements,3.0,1.0,156.0,À Vendre,340000.0,0,95,5.531478917042255
381,381,Appartements,2.0,1.0,72.0,À Vendre,81000.0,0,19,4.9084850188786495
382,382,Appartements,2.0,1.0,80.0,À Vendre,120000000.0,0,14,8.079181246047625
383,383,Appartements,3.0,1.0,143.0,À Vendre,180000.0,0,8,5.2552725051033065
384,384,Appartements,2.0,1.0,109.0,À Vendre,175000.0,0,38,5.243038048686294
385,385,Appartements,4.0,1.0,147.0,À Vendre,260000.0,0,43,5.414973347970818
386,386,Appartements,4.0,1.0,127.0,À Vendre,255000.0,0,38,5.406540180433956
387,387,Appartements,2.0,2.0,124.0,À Vendre,284000.0,0,19,5.453318340047038
388,388,Appartements,4.0,1.0,114.0,À Vendre,170000000.0,0,8,8.230448921378274
389,389,Appartements,4.0,1.0,147.0,À Vendre,257750.0,0,43,5.411198673955554
390,390,Appartements,3.0,2.0,106.0,À Vendre,190000.0,0,38,5.278753600952829
391,391,Appartements,2.0,2.0,94.0,À Vendre,145000.0,0,38,5.161368002234975
392,392,Appartements,1.0,2.0,64.0,À Vendre,115000.0,0,38,5.060697840353612
393,393,Appartements,2.0,1.0,80.0,À Vendre,120000.0,0,7,5.079181246047625
394,394,Appartements,2.0,1.0,160.0,À Vendre,340000.0,0,95,5.531478917042255
395,395,Appartements,2.0,1.0,88.0,À Vendre,1900000.0,0,14,6.278753600952829
396,396,Appartements,3.0,1.0,135.0,À Vendre,345000.0,0,30,5.537819095073274
397,397,Appartements,3.0,2.0,116.0,À Vendre,235000.0,0,8,5.371067862271736
398,398,Appartements,3.0,1.0,108.0,À Vendre,185000.0,0,5,5.267171728403014
399,399,Appartements,3.0,1.0,103.0,À Vendre,150000.0,0,5,5.176091259055681
400,400,Appartements,4.0,1.0,145.0,À Vendre,288000.0,0,30,5.459392487759231
401,401,Appartements,3.0,1.0,120.0,À Vendre,215000.0,0,14,5.332438459915605
402,402,Appartements,1.0,1.0,50.0,À Vendre,150000.0,0,30,5.176091259055681
403,403,Appartements,2.0,1.0,105.0,À Vendre,199000.0,0,38,5.298853076409706
404,404,Appartements,2.0,1.0,70.0,À Vendre,205000.0,0,30,5.311753861055754
405,405,Appartements,1.0,1.0,40.0,À Vendre,124000.0,0,30,5.093421685162235
406,406,Appartements,2.0,1.0,126.0,À Vendre,250000.0,0,30,5.3979400086720375
407,407,Appartements,2.0,1.0,111.0,À Vendre,220000.0,0,30,5.342422680822207
408,408,Appartements,1.0,1.0,50.0,À Vendre,150000.0,0,30,5.176091259055681
409,409,Appartements,2.0,2.0,112.0,À Vendre,235000.0,0,95,5.371067862271736
410,410,Appartements,3.0,2.0,146.0,À Vendre,320000.0,0,14,5.505149978319906
411,411,Appartements,2.0,1.0,91.0,À Vendre,185000.0,0,5,5.267171728403014
412,412,Appartements,3.0,1.0,122.0,À Vendre,265000.0,0,8,5.423245873936808
413,413,Appartements,2.0,1.0,126.0,À Vendre,250000.0,0,30,5.3979400086720375
414,414,Appartements,3.0,1.0,120.0,À Vendre,120000.0,0,14,5.079181246047625
415,415,Appartements,1.0,1.0,60.0,À Vendre,100000.0,0,95,5.0
416,416,Appartements,3.0,2.0,156.0,À Vendre,350000.0,0,95,5.544068044350276
417,417,Appartements,2.0,1.0,129.0,À Vendre,245000.0,0,30,5.389166084364533
418,418,Appartements,2.0,1.0,130.0,À Vendre,280000.0,0,43,5.447158031342219
419,419,Appartements,3.0,2.0,120.0,À Vendre,330000.0,0,30,5.518513939877887
420,420,Appartements,3.0,1.0,127.0,À Vendre,1900000.0,1,63,6.278753600952829
421,421,Appartements,4.0,1.0,117.0,À Vendre,121000.0,1,36,5.08278537031645
422,422,Appartements,2.0,1.0,55.0,À Vendre,95000.0,1,75,4.977723605288848
423,423,Appartements,2.0,1.0,109.0,À Vendre,200000.0,1,63,5.301029995663981
424,424,Appartements,3.0,1.0,93.0,À Vendre,135000.0,1,8,5.130333768495007
425,425,Appartements,3.0,1.0,70.0,À Vendre,165000.0,1,8,5.217483944213907
426,426,Appartements,4.0,1.0,103.0,À Vendre,100000.0,1,77,5.0
427,427,Appartements,3.0,1.0,97.0,À Vendre,120000.0,1,39,5.079181246047625
428,428,Appartements,3.0,1.0,110.0,À Vendre,153000.0,1,77,5.184691430817598
429,429,Appartements,4.0,3.0,210.0,À Vendre,385000.0,1,34,5.585460729508501
430,430,Appartements,2.0,1.0,64.0,À Vendre,85000.0,1,77,4.929418925714293
431,431,Appartements,3.0,1.0,85.0,À Vendre,95000.0,1,77,4.977723605288848
432,432,Appartements,3.0,1.0,106.0,À Vendre,170000.0,1,77,5.230448921378274
433,433,Appartements,4.0,1.0,90.0,À Vendre,130000.0,1,77,5.113943352306837
434,434,Appartements,2.0,1.0,110.0,À Vendre,165000.0,1,15,5.217483944213907
435,435,Appartements,4.0,1.0,102.0,À Vendre,180000.0,1,77,5.2552725051033065
436,436,Appartements,3.0,1.0,85.0,À Vendre,115000.0,1,40,5.060697840353612
437,437,Appartements,4.0,2.0,125.0,À Vendre,130000.0,1,15,5.113943352306837
438,438,Appartements,2.0,1.0,65.0,À Vendre,75000.0,1,40,4.8750612633917
439,439,Appartements,2.0,1.0,75.0,À Vendre,105000.0,1,15,5.021189299069938
440,440,Appartements,3.0,1.0,110.0,À Vendre,123000.0,1,77,5.089905111439398
441,441,Appartements,3.0,2.0,153.0,À Vendre,200000.0,1,63,5.301029995663981
442,442,Appartements,2.0,1.0,96.0,À Vendre,188000.0,1,40,5.27415784926368
443,443,Appartements,2.0,1.0,159.0,À Vendre,220000.0,1,40,5.342422680822207
444,444,Appartements,4.0,2.0,110.0,À Vendre,130000.0,1,77,5.113943352306837
445,445,Appartements,3.0,1.0,75.0,À Vendre,65000.0,1,12,4.812913356642856
446,446,Appartements,3.0,2.0,110.0,À Vendre,110000.0,1,77,5.041392685158225
447,447,Appartements,4.0,2.0,160.0,À Vendre,350000.0,1,34,5.544068044350276
448,448,Appartements,2.0,1.0,104.0,À Vendre,155000.0,1,75,5.190331698170292
449,449,Appartements,2.0,1.0,76.0,À Vendre,120000.0,1,87,5.079181246047625
450,450,Appartements,4.0,2.0,140.0,À Vendre,170000.0,1,77,5.230448921378274
451,451,Appartements,2.0,1.0,80.0,À Vendre,142500.0,1,15,5.153814864344529
452,452,Appartements,4.0,1.0,94.0,À Vendre,140000.0,1,77,5.146128035678238
453,453,Appartements,2.0,1.0,75.0,À Vendre,85000.0,1,8,4.929418925714293
454,454,Appartements,3.0,1.0,110.0,À Vendre,123000.0,1,77,5.089905111439398
455,455,Appartements,4.0,1.0,142.0,À Vendre,190000000.0,1,8,8.278753600952829
456,456,Appartements,2.0,1.0,96.0,À Vendre,110000.0,1,8,5.041392685158225
457,457,Appartements,2.0,1.0,138.0,À Vendre,250000.0,1,15,5.3979400086720375
458,458,Appartements,3.0,1.0,105.0,À Vendre,350000.0,1,39,5.544068044350276
459,459,Appartements,2.0,1.0,144.0,À Vendre,180000.0,1,39,5.2552725051033065
460,460,Appartements,3.0,1.0,129.0,À Vendre,192000.0,1,8,5.283301228703549
461,461,Appartements,4.0,1.0,140.0,À Vendre,165000.0,1,34,5.217483944213907
462,462,Appartements,4.0,1.0,150.0,À Vendre,165000.0,1,34,5.217483944213907
463,463,Appartements,3.0,1.0,110.0,À Vendre,140000.0,1,39,5.146128035678238
464,464,Appartements,2.0,1.0,80.0,À Vendre,95000.0,1,15,4.977723605288848
465,465,Appartements,3.0,2.0,127.0,À Vendre,197300.0,1,77,5.295127085252191
466,466,Appartements,2.0,1.0,80.0,À Vendre,134500.0,1,77,5.128722284338426
467,467,Appartements,3.0,1.0,90.0,À Vendre,135000.0,1,63,5.130333768495007
468,468,Appartements,3.0,2.0,140.0,À Vendre,215000.0,1,15,5.332438459915605
469,469,Appartements,2.0,1.0,72.0,À Vendre,150000.0,1,87,5.176091259055681
470,470,Appartements,3.0,1.0,136.0,À Vendre,170000.0,1,63,5.230448921378274
471,471,Appartements,2.0,1.0,98.0,À Vendre,125000.0,1,63,5.096910013008056
472,472,Appartements,3.0,1.0,115.0,À Vendre,137000.0,1,63,5.136720567156407
473,473,Appartements,1.0,1.0,73.0,À Vendre,129000.0,1,63,5.110589710299249
474,474,Appartements,2.0,1.0,105.0,À Vendre,190000.0,1,87,5.278753600952829
475,475,Appartements,3.0,2.0,150.0,À Vendre,359000.0,1,64,5.555094448578319
476,476,Appartements,3.0,1.0,122.0,À Vendre,228000.0,1,64,5.357934847000454
477,477,Appartements,3.0,1.0,136.0,À Vendre,195000.0,1,12,5.290034611362518
478,478,Appartements,3.0,1.0,136.0,À Vendre,195000.0,1,12,5.290034611362518
479,479,Appartements,3.0,2.0,157.0,À Vendre,265000.0,1,63,5.423245873936808
480,480,Appartements,3.0,2.0,147.0,À Vendre,420000.0,1,64,5.623249290397901
481,481,Appartements,3.0,1.0,178.0,À Vendre,249000.0,1,63,5.396199347095736
482,482,Appartements,3.0,1.0,85.0,À Vendre,105000.0,1,34,5.021189299069938
483,483,Appartements,3.0,1.0,100.0,À Vendre,170000.0,1,87,5.230448921378274
484,484,Appartements,2.0,1.0,90.0,À Vendre,195000.0,1,15,5.290034611362518
485,485,Appartements,2.0,1.0,24.0,À Vendre,24000.0,1,8,4.380211241711606
486,486,Appartements,2.0,1.0,80.0,À Vendre,120000.0,1,63,5.079181246047625
487,487,Appartements,3.0,1.0,70.0,À Vendre,290000.0,1,12,5.4623979978989565
488,488,Appartements,2.0,1.0,100.0,À Vendre,160000.0,1,34,5.204119982655925
489,489,Appartements,2.0,1.0,90.0,À Vendre,125000.0,1,40,5.096910013008056
490,490,Appartements,4.0,2.0,230.0,À Vendre,250000.0,1,75,5.3979400086720375
491,491,Appartements,2.0,1.0,100.0,À Vendre,115000.0,1,63,5.060697840353612
492,492,Appartements,4.0,2.0,175.0,À Vendre,1400000.0,1,75,6.146128035678238
493,493,Appartements,2.0,1.0,80.0,À Vendre,107000.0,1,87,5.02938377768521
494,494,Appartements,3.0,2.0,214.0,À Vendre,2900000.0,1,64,6.4623979978989565
495,495,Appartements,2.0,1.0,90.0,À Vendre,145000.0,1,77,5.161368002234975
496,496,Appartements,4.0,2.0,175.0,À Vendre,2600000.0,1,64,6.414973347970818
497,497,Appartements,3.0,2.0,170.0,À Vendre,1650000.0,1,63,6.217483944213907
498,498,Appartements,2.0,1.0,98.0,À Vendre,150000.0,1,75,5.176091259055681
499,499,Appartements,2.0,1.0,75.0,À Vendre,125000.0,1,77,5.096910013008056
500,500,Appartements,2.0,1.0,85.0,À Vendre,120000.0,1,77,5.079181246047625
501,501,Appartements,3.0,1.0,110.0,À Vendre,150000.0,1,77,5.176091259055681
502,502,Appartements,2.0,1.0,80.0,À Vendre,110000.0,1,77,5.041392685158225
503,503,Appartements,3.0,1.0,80.0,À Vendre,115000.0,1,87,5.060697840353612
504,504,Appartements,4.0,1.0,90.0,À Vendre,11111.0,1,87,4.045753147594141
505,505,Appartements,4.0,2.0,200.0,À Vendre,300000.0,1,77,5.477121254719663
506,506,Appartements,3.0,1.0,90.0,À Vendre,140000.0,1,87,5.146128035678238
507,507,Appartements,3.0,1.0,140.0,À Vendre,168000.0,1,34,5.225309281725863
508,508,Appartements,3.0,1.0,100.0,À Vendre,850000.0,1,77,5.929418925714293
509,509,Appartements,3.0,1.0,85.0,À Vendre,165000.0,1,87,5.217483944213907
510,510,Appartements,4.0,2.0,105.0,À Vendre,120000.0,1,8,5.079181246047625
511,511,Appartements,4.0,1.0,85.0,À Vendre,130000.0,1,8,5.113943352306837
512,512,Appartements,3.0,1.0,94.0,À Vendre,105000.0,1,77,5.021189299069938
513,513,Appartements,2.0,1.0,113.0,À Vendre,169000.0,1,15,5.227886704613674
514,514,Appartements,3.0,1.0,120.0,À Vendre,98000.0,1,12,4.991226075692495
515,515,Appartements,2.0,1.0,100.0,À Vendre,99000.0,1,75,4.99563519459755
516,516,Appartements,2.0,1.0,95.0,À Vendre,129000.0,1,39,5.110589710299249
517,517,Appartements,2.0,1.0,90.0,À Vendre,120000.0,1,87,5.079181246047625
518,518,Appartements,2.0,1.0,108.0,À Vendre,169000.0,1,15,5.227886704613674
519,519,Appartements,1.0,1.0,63.0,À Vendre,100000.0,1,39,5.0
520,520,Appartements,2.0,1.0,70.0,À Vendre,120000.0,1,77,5.079181246047625
521,521,Appartements,3.0,1.0,130.0,À Vendre,229000.0,1,15,5.359835482339888
522,522,Appartements,2.0,1.0,75.0,À Vendre,105000.0,1,77,5.021189299069938
523,523,Appartements,2.0,1.0,90.0,À Vendre,98000.0,1,39,4.991226075692495
524,524,Appartements,3.0,1.0,90.0,À Vendre,100000.0,1,8,5.0
525,525,Appartements,2.0,1.0,67.0,À Vendre,120000.0,1,87,5.079181246047625
526,526,Appartements,1.0,1.0,120.0,À Vendre,27000.0,1,77,4.431363764158987
527,527,Appartements,3.0,1.0,145.0,À Vendre,249000.0,1,15,5.396199347095736
528,528,Appartements,3.0,1.0,103.0,À Vendre,200000.0,1,77,5.301029995663981
529,529,Appartements,2.0,1.0,60.0,À Vendre,85000.0,1,77,4.929418925714293
530,530,Appartements,2.0,1.0,125.0,À Vendre,177000.0,1,87,5.247973266361806
531,531,Appartements,2.0,1.0,75.0,À Vendre,85000.0,1,40,4.929418925714293
532,532,Appartements,2.0,1.0,90.0,À Vendre,197000.0,1,63,5.294466226161593
533,533,Appartements,2.0,1.0,100.0,À Vendre,115000.0,1,63,5.060697840353612
534,534,Appartements,3.0,1.0,100.0,À Vendre,170000.0,1,34,5.230448921378274
535,535,Appartements,3.0,1.0,115.0,À Vendre,145000.0,1,12,5.161368002234975
536,536,Appartements,3.0,1.0,110.0,À Vendre,195000.0,1,34,5.290034611362518
537,537,Appartements,4.0,1.0,113.0,À Vendre,200000.0,1,8,5.301029995663981
538,538,Appartements,1.0,1.0,70.0,À Vendre,135000.0,1,40,5.130333768495007
539,539,Appartements,3.0,1.0,120.0,À Vendre,225000.0,1,34,5.352182518111363
540,540,Appartements,2.0,1.0,95.0,À Vendre,110000.0,1,87,5.041392685158225
541,541,Appartements,3.0,2.0,155.0,À Vendre,395000.0,1,64,5.596597095626461
542,542,Appartements,3.0,2.0,140.0,À Vendre,270000.0,1,63,5.431363764158987
543,543,Appartements,2.0,1.0,110.0,À Vendre,190000.0,1,40,5.278753600952829
544,544,Appartements,3.0,1.0,110.0,À Vendre,250000.0,1,63,5.3979400086720375
545,545,Appartements,3.0,2.0,140.0,À Vendre,295000.0,1,15,5.469822015978163
546,546,Appartements,3.0,1.0,68.0,À Vendre,120000.0,1,40,5.079181246047625
547,547,Appartements,2.0,1.0,92.0,À Vendre,120000.0,1,36,5.079181246047625
548,548,Appartements,2.0,1.0,83.0,À Vendre,120000.0,1,77,5.079181246047625
549,549,Appartements,3.0,2.0,130.0,À Vendre,199000.0,1,40,5.298853076409706
550,550,Appartements,2.0,1.0,92.0,À Vendre,105000.0,1,15,5.021189299069938
551,551,Appartements,2.0,1.0,75.0,À Vendre,90000.0,1,77,4.954242509439325
552,552,Appartements,3.0,2.0,83.0,À Vendre,110000.0,1,77,5.041392685158225
553,553,Appartements,3.0,1.0,70.0,À Vendre,105000.0,1,12,5.021189299069938
554,554,Appartements,3.0,2.0,120.0,À Vendre,210000.0,1,34,5.32221929473392
555,555,Appartements,3.0,2.0,116.0,À Vendre,169000.0,1,63,5.227886704613674
556,556,Appartements,2.0,2.0,120.0,À Vendre,190000.0,1,63,5.278753600952829
557,557,Appartements,3.0,1.0,87.0,À Vendre,95000.0,1,39,4.977723605288848
558,558,Appartements,2.0,1.0,78.0,À Vendre,100000.0,1,36,5.0
559,559,Appartements,3.0,2.0,100.0,À Vendre,120000.0,1,63,5.079181246047625
560,560,Appartements,3.0,2.0,105.0,À Vendre,170000.0,1,63,5.230448921378274
561,561,Appartements,4.0,2.0,110.0,À Vendre,130000.0,1,77,5.113943352306837
562,562,Appartements,4.0,1.0,115.0,À Vendre,145000.0,1,77,5.161368002234975
563,563,Appartements,4.0,1.0,110.0,À Vendre,155000.0,1,77,5.190331698170292
564,564,Appartements,2.0,1.0,70.0,À Vendre,120000.0,1,77,5.079181246047625
565,565,Appartements,3.0,1.0,110.0,À Vendre,150000.0,1,77,5.176091259055681
566,566,Appartements,4.0,2.0,130.0,À Vendre,220000.0,1,8,5.342422680822207
567,567,Appartements,2.0,1.0,90.0,À Vendre,105000.0,1,15,5.021189299069938
568,568,Appartements,2.0,1.0,90.0,À Vendre,99000.0,1,36,4.99563519459755
569,569,Appartements,3.0,1.0,99.0,À Vendre,150000.0,1,12,5.176091259055681
570,570,Appartements,2.0,2.0,110.0,À Vendre,187000.0,1,8,5.271841606536499
571,571,Appartements,2.0,1.0,103.0,À Vendre,153000.0,1,63,5.184691430817598
572,572,Appartements,3.0,3.0,130.0,À Vendre,210000.0,1,15,5.32221929473392
573,573,Appartements,2.0,1.0,72.0,À Vendre,180000.0,1,87,5.2552725051033065
574,574,Appartements,3.0,1.0,100.0,À Vendre,165000.0,1,87,5.217483944213907
575,575,Appartements,3.0,1.0,87.0,À Vendre,108000.0,1,36,5.033423755486949
576,576,Appartements,1.0,1.0,70.0,À Vendre,110000.0,1,8,5.041392685158225
577,577,Appartements,2.0,2.0,116.0,À Vendre,160000.0,1,8,5.204119982655925
578,578,Appartements,2.0,2.0,108.0,À Vendre,148000.0,1,8,5.1702617153949575
579,579,Appartements,3.0,1.0,135.0,À Vendre,145000.0,1,36,5.161368002234975
580,580,Appartements,2.0,1.0,116.0,À Vendre,201250.0,1,63,5.303735889039906
581,581,Appartements,2.0,1.0,111.0,À Vendre,195000.0,1,63,5.290034611362518
582,582,Appartements,4.0,2.0,157.0,À Vendre,245000.0,1,8,5.389166084364533
583,583,Appartements,3.0,2.0,115.0,À Vendre,214000.0,1,63,5.330413773349191
584,584,Appartements,3.0,1.0,81.0,À Vendre,145000.0,1,87,5.161368002234975
585,585,Appartements,3.0,1.0,111.0,À Vendre,158000.0,1,8,5.198657086954422
586,586,Appartements,4.0,2.0,140.0,À Vendre,220000.0,1,15,5.342422680822207
587,587,Appartements,3.0,1.0,105.0,À Vendre,155000.0,1,63,5.190331698170292
588,588,Appartements,3.0,2.0,127.0,À Vendre,160000.0,1,34,5.204119982655925
589,589,Appartements,3.0,1.0,100.0,À Vendre,150000.0,1,8,5.176091259055681
590,590,Appartements,4.0,1.0,96.0,À Vendre,158000.0,2,60,5.198657086954422
591,591,Appartements,4.0,1.0,96.0,À Vendre,165000.0,2,60,5.217483944213907
592,592,Appartements,3.0,1.0,109.0,À Vendre,164703.0,2,86,5.21670150974401
593,593,Appartements,1.0,1.0,50.0,À Vendre,58000.0,2,27,4.763427993562937
594,594,Appartements,2.0,1.0,71.0,À Vendre,110000.0,2,59,5.041392685158225
595,595,Appartements,3.0,1.0,125.0,À Vendre,180000.0,2,59,5.2552725051033065
596,596,Appartements,2.0,1.0,119.0,À Vendre,245000.0,2,59,5.389166084364533
597,597,Appartements,3.0,1.0,85.0,À Vendre,80000.0,2,59,4.903089986991944
598,598,Appartements,3.0,1.0,156.0,À Vendre,235000.0,2,59,5.371067862271736
599,599,Appartements,3.0,1.0,102.0,À Vendre,130000.0,2,59,5.113943352306837
600,600,Appartements,3.0,1.0,135.0,À Vendre,235000.0,2,8,5.371067862271736
601,601,Appartements,3.0,2.0,162.0,À Vendre,400000.0,2,59,5.6020599913279625
602,602,Appartements,3.0,1.0,100.0,À Vendre,240000.0,2,59,5.380211241711606
603,603,Appartements,4.0,1.0,129.0,À Vendre,260000.0,2,27,5.414973347970818
604,604,Appartements,4.0,2.0,102.0,À Vendre,110000.0,2,28,5.041392685158225
605,605,Appartements,3.0,1.0,80.0,À Vendre,95000.0,2,8,4.977723605288848
606,606,Appartements,2.0,1.0,110.0,À Vendre,210000.0,2,8,5.32221929473392
607,607,Appartements,3.0,1.0,77.0,À Vendre,125000.0,2,27,5.096910013008056
608,608,Appartements,3.0,1.0,85.0,À Vendre,120000.0,2,8,5.079181246047625
609,609,Appartements,3.0,1.0,90.0,À Vendre,130000.0,2,59,5.113943352306837
610,610,Appartements,2.0,1.0,55.0,À Vendre,110000.0,2,59,5.041392685158225
611,611,Appartements,1.0,1.0,75.0,À Vendre,105000.0,2,60,5.021189299069938
612,612,Appartements,4.0,1.0,100.0,À Vendre,110000.0,2,28,5.041392685158225
613,613,Appartements,3.0,1.0,90.0,À Vendre,105000.0,2,27,5.021189299069938
614,614,Appartements,3.0,1.0,85.0,À Vendre,120000.0,2,60,5.079181246047625
615,615,Appartements,3.0,1.0,45.0,À Vendre,45000000.0,2,8,7.653212513775344
616,616,Appartements,4.0,3.0,164.0,À Vendre,330000.0,2,8,5.518513939877887
617,617,Appartements,4.0,1.0,115.0,À Vendre,120000.0,2,27,5.079181246047625
618,618,Appartements,3.0,1.0,99.0,À Vendre,75000.0,2,28,4.8750612633917
619,619,Appartements,3.0,2.0,199.0,À Vendre,420000.0,2,60,5.623249290397901
620,620,Appartements,4.0,1.0,130.0,À Vendre,250000.0,2,27,5.3979400086720375
621,621,Appartements,4.0,1.0,120.0,À Vendre,250000.0,2,60,5.3979400086720375
622,622,Appartements,3.0,1.0,94.0,À Vendre,100000.0,2,28,5.0
623,623,Appartements,2.0,2.0,100.0,À Vendre,20000.0,2,8,4.301029995663981
624,624,Appartements,2.0,1.0,95.0,À Vendre,178000.0,2,60,5.250420002308894
625,625,Appartements,2.0,1.0,53.0,À Vendre,70000.0,2,86,4.845098040014257
626,626,Appartements,2.0,1.0,110.0,À Vendre,165000.0,2,27,5.217483944213907
627,627,Appartements,2.0,1.0,50.0,À Vendre,60000.0,2,27,4.778151250383644
628,628,Appartements,2.0,1.0,72.0,À Vendre,80000000.0,2,86,7.903089986991944
629,629,Appartements,2.0,1.0,80.0,À Vendre,136000.0,2,59,5.133538908370218
630,630,Appartements,3.0,1.0,100.0,À Vendre,170000.0,2,8,5.230448921378274
631,631,Appartements,3.0,1.0,250.0,À Vendre,250000.0,2,59,5.3979400086720375
632,632,Appartements,3.0,1.0,74.0,À Vendre,300000.0,2,86,5.477121254719663
633,633,Appartements,4.0,1.0,90.0,À Vendre,155000.0,2,27,5.190331698170292
634,634,Appartements,1.0,1.0,50.0,À Vendre,58000.0,2,27,4.763427993562937
635,635,Appartements,3.0,1.0,86.0,À Vendre,90000.0,2,28,4.954242509439325
636,636,Appartements,3.0,1.0,113.0,À Vendre,200000.0,2,8,5.301029995663981
637,637,Appartements,3.0,1.0,100.0,À Vendre,90000.0,2,28,4.954242509439325
638,638,Appartements,2.0,1.0,100.0,À Vendre,350000000.0,2,8,8.544068044350276
639,639,Appartements,3.0,1.0,90.0,À Vendre,120000.0,2,59,5.079181246047625
640,640,Appartements,4.0,2.0,112.0,À Vendre,188000.0,2,27,5.27415784926368
641,641,Appartements,2.0,1.0,72.0,À Vendre,85000000.0,2,86,7.929418925714293
642,642,Appartements,4.0,1.0,120.0,À Vendre,160000.0,2,27,5.204119982655925
643,643,Appartements,4.0,1.0,123.0,À Vendre,225000.0,2,8,5.352182518111363
644,644,Appartements,2.0,1.0,90.0,À Vendre,160000.0,2,8,5.204119982655925
645,645,Appartements,3.0,1.0,180.0,À Vendre,130000.0,2,8,5.113943352306837
646,646,Appartements,3.0,1.0,100.0,À Vendre,220000.0,2,60,5.342422680822207
647,647,Appartements,3.0,1.0,98.0,À Vendre,132000.0,2,60,5.12057393120585
648,648,Appartements,3.0,1.0,110.0,À Vendre,210000.0,2,8,5.32221929473392
649,649,Appartements,3.0,1.0,100.0,À Vendre,125000.0,2,27,5.096910013008056
650,650,Appartements,2.0,1.0,96.0,À Vendre,183350.0,2,59,5.2632809142966215
651,651,Appartements,3.0,2.0,120.0,À Vendre,230000.0,2,8,5.361727836017593
652,652,Appartements,3.0,1.0,120.0,À Vendre,250000.0,2,8,5.3979400086720375
653,653,Appartements,4.0,2.0,132.0,À Vendre,198000.0,2,60,5.296665190261531
654,654,Appartements,2.0,1.0,96.0,À Vendre,143000.0,2,59,5.155336037465061
655,655,Appartements,3.0,1.0,80.0,À Vendre,115000.0,2,60,5.060697840353612
656,656,Appartements,3.0,1.0,75.0,À Vendre,160000.0,2,8,5.204119982655925
657,657,Appartements,2.0,1.0,90.0,À Vendre,98000.0,3,8,4.991226075692495
658,658,Appartements,2.0,1.0,100.0,À Vendre,170000.0,3,11,5.230448921378274
659,659,Appartements,2.0,1.0,95.0,À Vendre,185000.0,3,4,5.267171728403014
660,660,Appartements,1.0,1.0,65.0,À Vendre,175000.0,3,4,5.243038048686294
661,661,Appartements,3.0,3.0,174.0,À Vendre,561000.0,3,8,5.748962861256161
662,662,Appartements,2.0,1.0,150.0,À Vendre,700000.0,3,61,5.845098040014257
663,663,Appartements,2.0,2.0,100.0,À Vendre,205000.0,3,4,5.311753861055754
664,664,Appartements,4.0,2.0,165.0,À Vendre,850000.0,3,52,5.929418925714293
665,665,Appartements,4.0,2.0,214.0,À Vendre,650000.0,3,17,5.812913356642856
666,666,Appartements,2.0,2.0,114.0,À Vendre,336000.0,3,61,5.526339277389844
667,667,Appartements,2.0,1.0,103.0,À Vendre,365000.0,3,52,5.562292864456475
668,668,Appartements,2.0,1.0,100.0,À Vendre,115000.0,3,0,5.060697840353612
669,669,Appartements,1.0,1.0,70.0,À Vendre,87000.0,3,0,4.939519252618618
670,670,Appartements,1.0,1.0,55.0,À Vendre,42000.0,3,8,4.623249290397901
671,671,Appartements,3.0,1.0,111.0,À Vendre,220000.0,3,11,5.342422680822207
672,672,Appartements,2.0,1.0,80.0,À Vendre,150000.0,3,33,5.176091259055681
673,673,Appartements,2.0,2.0,109.0,À Vendre,245000.0,3,4,5.389166084364533
674,674,Appartements,1.0,1.0,60.0,À Vendre,150000.0,3,4,5.176091259055681
675,675,Appartements,1.0,1.0,57.0,À Vendre,195000.0,3,17,5.290034611362518
676,676,Appartements,3.0,2.0,154.0,À Vendre,295000.0,3,4,5.469822015978163
677,677,Appartements,2.0,1.0,95.0,À Vendre,425000.0,3,52,5.628388930050312
678,678,Appartements,2.0,1.0,113.0,À Vendre,240000.0,3,4,5.380211241711606
679,679,Appartements,3.0,1.0,137.0,À Vendre,250000.0,3,4,5.3979400086720375
680,680,Appartements,1.0,1.0,78.0,À Vendre,180000.0,3,4,5.2552725051033065
681,681,Appartements,2.0,1.0,100.0,À Vendre,305000.0,3,65,5.484299839346786
682,682,Appartements,2.0,1.0,62.0,À Vendre,150000.0,3,97,5.176091259055681
683,683,Appartements,2.0,1.0,109.0,À Vendre,200000.0,3,17,5.301029995663981
684,684,Appartements,4.0,2.0,135.0,À Vendre,270000.0,3,4,5.431363764158987
685,685,Appartements,3.0,2.0,129.0,À Vendre,185000.0,3,65,5.267171728403014
686,686,Appartements,2.0,2.0,113.0,À Vendre,220000.0,3,65,5.342422680822207
687,687,Appartements,2.0,1.0,119.0,À Vendre,245000.0,3,11,5.389166084364533
688,688,Appartements,3.0,1.0,80.0,À Vendre,130000.0,3,0,5.113943352306837
689,689,Appartements,3.0,1.0,100.0,À Vendre,25000.0,3,4,4.3979400086720375
690,690,Appartements,3.0,1.0,122.0,À Vendre,270000.0,3,4,5.431363764158987
691,691,Appartements,1.0,1.0,84.0,À Vendre,168000.0,3,4,5.225309281725863
692,692,Appartements,2.0,2.0,140.0,À Vendre,450000.0,3,8,5.653212513775344
693,693,Appartements,2.0,1.0,54.0,À Vendre,65000.0,3,8,4.812913356642856
694,694,Appartements,2.0,1.0,55.0,À Vendre,88000.0,3,11,4.944482672150168
695,695,Appartements,3.0,2.0,250.0,À Vendre,790000.0,3,52,5.897627091290442
696,696,Appartements,2.0,1.0,125.0,À Vendre,320000.0,3,91,5.505149978319906
697,697,Appartements,2.0,1.0,105.0,À Vendre,255000.0,3,8,5.406540180433956
698,698,Appartements,3.0,2.0,222.0,À Vendre,420000.0,3,4,5.623249290397901
699,699,Appartements,1.0,1.0,70.0,À Vendre,180000.0,3,4,5.2552725051033065
700,700,Appartements,3.0,1.0,100.0,À Vendre,235000.0,3,8,5.371067862271736
701,701,Appartements,4.0,3.0,182.0,À Vendre,600000.0,3,50,5.778151250383644
702,702,Appartements,3.0,1.0,76.0,À Vendre,90000.0,3,48,4.954242509439325
703,703,Appartements,3.0,1.0,76.0,À Vendre,11111.0,3,48,4.045753147594141
704,704,Appartements,3.0,1.0,84.0,À Vendre,140000.0,3,8,5.146128035678238
705,705,Appartements,3.0,1.0,90.0,À Vendre,250000.0,3,4,5.3979400086720375
706,706,Appartements,3.0,1.0,75.0,À Vendre,95000.0,3,85,4.977723605288848
707,707,Appartements,3.0,1.0,109.0,À Vendre,200000.0,3,8,5.301029995663981
708,708,Appartements,2.0,1.0,85.0,À Vendre,220000.0,3,56,5.342422680822207
709,709,Appartements,4.0,1.0,107.0,À Vendre,230000000.0,3,8,8.361727836017593
710,710,Appartements,4.0,1.0,165.0,À Vendre,220000.0,3,61,5.342422680822207
711,711,Appartements,3.0,2.0,202.0,À Vendre,585000.0,3,61,5.76715586608218
712,712,Appartements,3.0,1.0,120.0,À Vendre,150000.0,3,35,5.176091259055681
713,713,Appartements,3.0,2.0,157.0,À Vendre,430000.0,3,61,5.633468455579586
714,714,Appartements,3.0,3.0,225.0,À Vendre,790000.0,3,17,5.897627091290442
715,715,Appartements,1.0,1.0,67.0,À Vendre,191000.0,3,61,5.281033367247727
716,716,Appartements,3.0,2.0,139.0,À Vendre,581000.0,3,52,5.764176132390331
717,717,Appartements,2.0,2.0,143.0,À Vendre,407000.0,3,61,5.60959440922522
718,718,Appartements,4.0,1.0,110.0,À Vendre,100000.0,3,85,5.0
719,719,Appartements,2.0,2.0,124.0,À Vendre,370000.0,3,61,5.568201724066995
720,720,Appartements,3.0,1.0,70.0,À Vendre,95000.0,3,33,4.977723605288848
721,721,Appartements,3.0,2.0,130.0,À Vendre,250000.0,3,65,5.3979400086720375
722,722,Appartements,2.0,2.0,122.0,À Vendre,565000.0,3,52,5.752048447819439
723,723,Appartements,1.0,1.0,67.0,À Vendre,310000.0,3,52,5.491361693834273
724,724,Appartements,1.0,1.0,82.0,À Vendre,169500.0,3,4,5.229169702539101
725,725,Appartements,2.0,1.0,50.0,À Vendre,60000.0,3,97,4.778151250383644
726,726,Appartements,4.0,2.0,157.0,À Vendre,600000.0,3,4,5.778151250383644
727,727,Appartements,3.0,1.0,117.0,À Vendre,350000.0,3,97,5.544068044350276
728,728,Appartements,4.0,3.0,238.0,À Vendre,360000.0,3,61,5.556302500767287
729,729,Appartements,4.0,3.0,250.0,À Vendre,370000.0,3,61,5.568201724066995
730,730,Appartements,4.0,3.0,260.0,À Vendre,560000.0,3,61,5.748188027006201
731,731,Appartements,2.0,1.0,90.0,À Vendre,215000.0,3,4,5.332438459915605
732,732,Appartements,1.0,1.0,68.0,À Vendre,175000.0,3,4,5.243038048686294
733,733,Appartements,2.0,1.0,108.0,À Vendre,247000.0,3,8,5.392696953259666
734,734,Appartements,1.0,1.0,30.0,À Vendre,100000.0,3,8,5.0
735,735,Appartements,1.0,1.0,68.0,À Vendre,147000.0,3,4,5.167317334748176
736,736,Appartements,3.0,1.0,100.0,À Vendre,160000.0,3,8,5.204119982655925
737,737,Appartements,1.0,1.0,66.0,À Vendre,175000.0,3,61,5.243038048686294
738,738,Appartements,1.0,1.0,68.0,À Vendre,180000.0,3,4,5.2552725051033065
739,739,Appartements,3.0,1.0,90.0,À Vendre,130000.0,3,11,5.113943352306837
740,740,Appartements,4.0,2.0,300.0,À Vendre,650000.0,3,97,5.812913356642856
741,741,Appartements,3.0,2.0,220.0,À Vendre,780000.0,3,17,5.892094602690481
742,742,Appartements,2.0,1.0,70.0,À Vendre,220000.0,3,56,5.342422680822207
743,743,Appartements,3.0,2.0,165.0,À Vendre,305000.0,3,61,5.484299839346786
744,744,Appartements,3.0,2.0,132.0,À Vendre,225000.0,3,65,5.352182518111363
745,745,Appartements,1.0,1.0,90.0,À Vendre,700000.0,3,11,5.845098040014257
746,746,Appartements,3.0,1.0,138.0,À Vendre,245000.0,3,4,5.389166084364533
747,747,Appartements,2.0,1.0,77.0,À Vendre,115000.0,3,11,5.060697840353612
748,748,Appartements,2.0,1.0,103.0,À Vendre,155000.0,3,56,5.190331698170292
749,749,Appartements,3.0,1.0,124.0,À Vendre,260000.0,3,4,5.414973347970818
750,750,Appartements,3.0,2.0,240.0,À Vendre,735000.0,3,61,5.866287339084195
751,751,Appartements,1.0,1.0,38.0,À Vendre,72000.0,3,65,4.857332496431268
752,752,Appartements,1.0,1.0,67.0,À Vendre,220000.0,3,50,5.342422680822207
753,753,Appartements,4.0,3.0,225.0,À Vendre,515000.0,3,61,5.711807229041191
754,754,Appartements,3.0,3.0,182.0,À Vendre,710000.0,3,61,5.851258348719076
755,755,Appartements,3.0,3.0,236.0,À Vendre,630000.0,3,61,5.799340549453582
756,756,Appartements,1.0,1.0,66.0,À Vendre,170000.0,3,4,5.230448921378274
757,757,Appartements,3.0,2.0,127.0,À Vendre,310000.0,3,4,5.491361693834273
758,758,Appartements,4.0,2.0,100.0,À Vendre,110000.0,3,8,5.041392685158225
759,759,Appartements,3.0,1.0,110.0,À Vendre,242000.0,3,65,5.383815365980431
760,760,Appartements,3.0,2.0,175.0,À Vendre,700000.0,3,4,5.845098040014257
761,761,Appartements,2.0,2.0,120.0,À Vendre,480000.0,3,4,5.681241237375588
762,762,Appartements,3.0,1.0,140.0,À Vendre,340000.0,3,65,5.531478917042255
763,763,Appartements,2.0,2.0,148.0,À Vendre,700000.0,3,50,5.845098040014257
764,764,Appartements,2.0,2.0,138.0,À Vendre,660000.0,3,50,5.819543935541868
765,765,Appartements,2.0,2.0,280.0,À Vendre,1500000.0,3,50,6.176091259055681
766,766,Appartements,3.0,1.0,90.0,À Vendre,250000.0,3,8,5.3979400086720375
767,767,Appartements,2.0,1.0,55.0,À Vendre,68000.0,3,8,4.832508912706237
768,768,Appartements,1.0,1.0,52.0,À Vendre,180000.0,3,61,5.2552725051033065
769,769,Appartements,3.0,1.0,115.0,À Vendre,250000.0,3,65,5.3979400086720375
770,770,Appartements,2.0,1.0,60.0,À Vendre,225000.0,3,18,5.352182518111363
771,771,Appartements,2.0,2.0,118.0,À Vendre,228000.0,3,4,5.357934847000454
772,772,Appartements,3.0,2.0,126.0,À Vendre,250000.0,3,4,5.3979400086720375
773,773,Appartements,2.0,1.0,85.0,À Vendre,100000.0,3,8,5.0
774,774,Appartements,3.0,1.0,122.0,À Vendre,350000.0,3,65,5.544068044350276
775,775,Appartements,2.0,2.0,167.0,À Vendre,448000.0,3,61,5.651278013998144
776,776,Appartements,2.0,2.0,136.0,À Vendre,375000.0,3,61,5.574031267727719
777,777,Appartements,3.0,3.0,236.0,À Vendre,625000.0,3,61,5.795880017344075
778,778,Appartements,3.0,1.0,181.0,À Vendre,350000.0,3,65,5.544068044350276
779,779,Appartements,3.0,2.0,143.0,À Vendre,287000.0,3,4,5.457881896733992
780,780,Appartements,3.0,2.0,160.0,À Vendre,560000.0,3,97,5.748188027006201
781,781,Appartements,2.0,2.0,151.0,À Vendre,370000.0,3,97,5.568201724066995
782,782,Appartements,3.0,3.0,155.0,À Vendre,450000.0,3,91,5.653212513775344
783,783,Appartements,3.0,3.0,159.0,À Vendre,435000.0,3,17,5.638489256954637
784,784,Appartements,1.0,1.0,70.0,À Vendre,210000.0,3,97,5.32221929473392
785,785,Appartements,4.0,3.0,202.0,À Vendre,450000.0,3,97,5.653212513775344
786,786,Appartements,3.0,2.0,127.0,À Vendre,235000.0,3,4,5.371067862271736
787,787,Appartements,2.0,1.0,80.0,À Vendre,155000.0,3,65,5.190331698170292
788,788,Appartements,1.0,1.0,60.0,À Vendre,135000.0,3,4,5.130333768495007
789,789,Appartements,2.0,1.0,105.0,À Vendre,230000.0,3,4,5.361727836017593
790,790,Appartements,4.0,1.0,150.0,À Vendre,255000.0,3,65,5.406540180433956
791,791,Appartements,3.0,1.0,118.0,À Vendre,355000.0,3,61,5.550228353055094
792,792,Appartements,1.0,1.0,78.0,À Vendre,147000.0,3,4,5.167317334748176
793,793,Appartements,3.0,2.0,140.0,À Vendre,250000.0,3,4,5.3979400086720375
794,794,Appartements,2.0,2.0,124.0,À Vendre,225000.0,3,4,5.352182518111363
795,795,Appartements,2.0,2.0,127.0,À Vendre,310000.0,3,4,5.491361693834273
796,796,Appartements,2.0,1.0,100.0,À Vendre,182000.0,3,4,5.260071387985075
797,797,Appartements,3.0,3.0,172.0,À Vendre,590000.0,3,17,5.770852011642144
798,798,Appartements,2.0,1.0,500.0,À Vendre,980000.0,3,11,5.991226075692495
799,799,Appartements,2.0,1.0,100.0,À Vendre,260000.0,3,65,5.414973347970818
800,800,Appartements,2.0,1.0,60.0,À Vendre,140000.0,3,50,5.146128035678238
801,801,Appartements,1.0,1.0,62.0,À Vendre,66000.0,3,62,4.819543935541868
802,802,Appartements,3.0,2.0,159.0,À Vendre,390000.0,3,65,5.5910646070265
803,803,Appartements,3.0,3.0,196.0,À Vendre,880000.0,3,4,5.944482672150168
804,804,Appartements,3.0,3.0,156.0,À Vendre,350000.0,3,97,5.544068044350276
805,805,Appartements,3.0,2.0,160.0,À Vendre,560000.0,3,97,5.748188027006201
806,806,Appartements,2.0,2.0,115.0,À Vendre,262000.0,3,4,5.418301291319746
807,807,Appartements,2.0,1.0,60.0,À Vendre,65000.0,3,35,4.812913356642856
808,808,Appartements,2.0,1.0,93.0,À Vendre,290000.0,3,50,5.4623979978989565
809,809,Appartements,4.0,2.0,285.0,À Vendre,550000.0,3,56,5.740362689494244
810,810,Appartements,2.0,1.0,123.0,À Vendre,345000.0,3,61,5.537819095073274
811,811,Appartements,3.0,2.0,174.0,À Vendre,2995000.0,3,97,6.47639682672533
812,812,Appartements,3.0,1.0,52.0,À Vendre,1800080.0,3,8,6.25529180665136
813,813,Appartements,3.0,2.0,165.0,À Vendre,380000.0,3,8,5.57978359661681
814,814,Appartements,3.0,1.0,160.0,À Vendre,450000.0,3,61,5.653212513775344
815,815,Appartements,3.0,1.0,145.0,À Vendre,250000.0,3,4,5.3979400086720375
816,816,Appartements,1.0,1.0,82.0,À Vendre,165000.0,3,4,5.217483944213907
817,817,Appartements,3.0,2.0,149.0,À Vendre,260000.0,3,4,5.414973347970818
818,818,Appartements,3.0,2.0,138.0,À Vendre,265000.0,3,4,5.423245873936808
819,819,Appartements,4.0,3.0,175.0,À Vendre,380000.0,3,4,5.57978359661681
820,820,Appartements,3.0,2.0,143.0,À Vendre,278000.0,3,4,5.444044795918076
821,821,Appartements,4.0,1.0,100.0,À Vendre,60000.0,3,35,4.778151250383644
822,822,Appartements,1.0,1.0,60.0,À Vendre,195000.0,3,8,5.290034611362518
823,823,Appartements,3.0,1.0,60.0,À Vendre,180000.0,3,97,5.2552725051033065
824,824,Appartements,4.0,3.0,176.0,À Vendre,450000.0,3,4,5.653212513775344
825,825,Appartements,3.0,2.0,150.0,À Vendre,260000.0,3,4,5.414973347970818
826,826,Appartements,3.0,1.0,134.0,À Vendre,280000.0,3,61,5.447158031342219
827,827,Appartements,2.0,1.0,128.0,À Vendre,2200000.0,3,61,6.342422680822207
828,828,Appartements,1.0,1.0,63.0,À Vendre,150000.0,3,61,5.176091259055681
829,829,Appartements,3.0,1.0,75.0,À Vendre,130000000.0,3,55,8.113943352306837
830,830,Appartements,1.0,1.0,65.0,À Vendre,160000.0,3,61,5.204119982655925
831,831,Appartements,3.0,2.0,150.0,À Vendre,380000.0,3,61,5.57978359661681
832,832,Appartements,4.0,1.0,115.0,À Vendre,250000.0,3,65,5.3979400086720375
833,833,Appartements,3.0,1.0,130.0,À Vendre,250000.0,3,61,5.3979400086720375
834,834,Appartements,1.0,1.0,61.0,À Vendre,150000.0,3,61,5.176091259055681
835,835,Appartements,2.0,1.0,120.0,À Vendre,200000.0,3,61,5.301029995663981
836,836,Appartements,3.0,1.0,220.0,À Vendre,530000.0,3,61,5.724275869600789
837,837,Appartements,2.0,1.0,79.0,À Vendre,103356.0,3,8,5.014335693263793
838,838,Appartements,3.0,1.0,179.0,À Vendre,870000.0,3,61,5.939519252618618
839,839,Appartements,3.0,2.0,187.0,À Vendre,542300.0,3,61,5.734239604435455
840,840,Appartements,2.0,1.0,125.0,À Vendre,170000.0,3,8,5.230448921378274
841,841,Appartements,4.0,1.0,136.0,À Vendre,350000.0,3,11,5.544068044350276
842,842,Appartements,2.0,1.0,120.0,À Vendre,180000.0,3,8,5.2552725051033065
843,843,Appartements,3.0,2.0,150.0,À Vendre,300000.0,3,61,5.477121254719663
844,844,Appartements,4.0,3.0,300.0,À Vendre,650000.0,3,61,5.812913356642856
845,845,Appartements,3.0,3.0,170.0,À Vendre,700000.0,3,61,5.845098040014257
846,846,Appartements,2.0,1.0,77.0,À Vendre,195000.0,3,97,5.290034611362518
847,847,Appartements,1.0,1.0,60.0,À Vendre,95000.0,3,8,4.977723605288848
848,848,Appartements,3.0,2.0,193.0,À Vendre,570000.0,3,61,5.755874855672492
849,849,Appartements,3.0,3.0,184.0,À Vendre,350000.0,3,4,5.544068044350276
850,850,Appartements,3.0,2.0,126.0,À Vendre,250000.0,3,4,5.3979400086720375
851,851,Appartements,3.0,1.0,115.0,À Vendre,250000.0,3,8,5.3979400086720375
852,852,Appartements,2.0,1.0,112.0,À Vendre,325000.0,3,17,5.511883360978874
853,853,Appartements,3.0,2.0,294.0,À Vendre,560000.0,3,61,5.748188027006201
854,854,Appartements,2.0,1.0,110.0,À Vendre,360000.0,3,61,5.556302500767287
855,855,Appartements,3.0,2.0,153.0,À Vendre,260000.0,3,4,5.414973347970818
856,856,Appartements,2.0,1.0,80.0,À Vendre,200000.0,3,97,5.301029995663981
857,857,Appartements,4.0,2.0,140.0,À Vendre,330000.0,3,65,5.518513939877887
858,858,Appartements,3.0,2.0,134.0,À Vendre,650000.0,3,61,5.812913356642856
859,859,Appartements,3.0,1.0,85.0,À Vendre,230000.0,3,55,5.361727836017593
860,860,Appartements,2.0,1.0,265.0,À Vendre,470000.0,3,4,5.672097857935717
861,861,Appartements,2.0,2.0,120.0,À Vendre,2000000.0,3,61,6.301029995663981
862,862,Appartements,3.0,2.0,190.0,À Vendre,780000.0,3,61,5.892094602690481
863,863,Appartements,4.0,1.0,135.0,À Vendre,190000.0,3,8,5.278753600952829
864,864,Appartements,2.0,1.0,100.0,À Vendre,270000.0,3,8,5.431363764158987
865,865,Appartements,2.0,1.0,65.0,À Vendre,260000.0,3,90,5.414973347970818
866,866,Appartements,3.0,1.0,300.0,À Vendre,835000.0,3,17,5.921686475483602
867,867,Appartements,3.0,1.0,164.0,À Vendre,330000.0,3,52,5.518513939877887
868,868,Appartements,3.0,2.0,116.0,À Vendre,245000.0,3,8,5.389166084364533
869,869,Appartements,2.0,1.0,65.0,À Vendre,170000.0,3,4,5.230448921378274
870,870,Appartements,2.0,1.0,125.0,À Vendre,170000.0,3,8,5.230448921378274
871,871,Appartements,3.0,1.0,82.0,À Vendre,130000.0,3,41,5.113943352306837
872,872,Appartements,1.0,1.0,80.0,À Vendre,175000.0,3,4,5.243038048686294
873,873,Appartements,4.0,2.0,227.0,À Vendre,726400.0,3,61,5.861175835513029
874,874,Appartements,4.0,2.0,157.0,À Vendre,420000.0,3,50,5.623249290397901
875,875,Appartements,4.0,2.0,160.0,À Vendre,400000.0,3,65,5.6020599913279625
876,876,Appartements,2.0,1.0,100.0,À Vendre,130000.0,3,8,5.113943352306837
877,877,Appartements,2.0,2.0,122.0,À Vendre,290000.0,3,65,5.4623979978989565
878,878,Appartements,2.0,1.0,70.0,À Vendre,145000.0,3,11,5.161368002234975
879,879,Appartements,4.0,2.0,214.0,À Vendre,650000.0,3,61,5.812913356642856
880,880,Appartements,4.0,1.0,150.0,À Vendre,255000.0,3,65,5.406540180433956
881,881,Appartements,3.0,2.0,135.0,À Vendre,320000.0,3,17,5.505149978319906
882,882,Appartements,4.0,2.0,160.0,À Vendre,330000.0,3,52,5.518513939877887
883,883,Appartements,3.0,2.0,110.0,À Vendre,270000.0,3,4,5.431363764158987
884,884,Appartements,3.0,3.0,237.0,À Vendre,695000.0,3,61,5.841984804590114
885,885,Appartements,1.0,1.0,67.0,À Vendre,191000.0,3,61,5.281033367247727
886,886,Appartements,2.0,2.0,123.0,À Vendre,275000.0,3,4,5.439332693830263
887,887,Appartements,3.0,1.0,170.0,À Vendre,360000.0,3,50,5.556302500767287
888,888,Appartements,3.0,1.0,111.0,À Vendre,285000.0,3,4,5.45484486000851
889,889,Appartements,4.0,2.0,275.0,À Vendre,480000.0,3,8,5.681241237375588
890,890,Appartements,2.0,2.0,122.0,À Vendre,280000.0,3,65,5.447158031342219
891,891,Appartements,3.0,2.0,99.0,À Vendre,190000.0,3,8,5.278753600952829
892,892,Appartements,3.0,2.0,123.0,À Vendre,240000.0,3,4,5.380211241711606
893,893,Appartements,3.0,2.0,143.0,À Vendre,320000.0,3,65,5.505149978319906
894,894,Appartements,1.0,1.0,67.0,À Vendre,215000.0,3,17,5.332438459915605
895,895,Appartements,3.0,1.0,140.0,À Vendre,350000.0,3,56,5.544068044350276
896,896,Appartements,4.0,2.0,202.0,À Vendre,560000.0,3,61,5.748188027006201
897,897,Appartements,3.0,2.0,130.0,À Vendre,1050000.0,3,4,6.021189299069938
898,898,Appartements,3.0,2.0,228.0,À Vendre,980000.0,3,17,5.991226075692495
899,899,Appartements,2.0,1.0,75.0,À Vendre,160000.0,3,65,5.204119982655925
900,900,Appartements,2.0,1.0,94.0,À Vendre,190000.0,3,65,5.278753600952829
901,901,Appartements,3.0,1.0,135.0,À Vendre,295000.0,3,17,5.469822015978163
902,902,Appartements,3.0,1.0,100.0,À Vendre,13000.0,3,97,4.113943352306837
903,903,Appartements,1.0,1.0,77.0,À Vendre,234972.0,3,61,5.371016113463264
904,904,Appartements,2.0,2.0,118.0,À Vendre,495000.0,3,61,5.694605198933568
905,905,Appartements,3.0,1.0,70.0,À Vendre,75000.0,3,93,4.8750612633917
906,906,Appartements,2.0,2.0,191.0,À Vendre,750000.0,3,61,5.8750612633917
907,907,Appartements,1.0,1.0,97.0,À Vendre,300000.0,3,61,5.477121254719663
908,908,Appartements,2.0,1.0,144.0,À Vendre,900000.0,3,61,5.954242509439325
909,909,Appartements,4.0,1.0,150.0,À Vendre,850000.0,3,52,5.929418925714293
910,910,Appartements,3.0,1.0,95.0,À Vendre,12000000.0,3,8,7.079181246047625
911,911,Appartements,4.0,2.0,229.0,À Vendre,800000.0,3,61,5.903089986991944
912,912,Appartements,1.0,1.0,67.0,À Vendre,155000.0,3,65,5.190331698170292
913,913,Appartements,4.0,1.0,110.0,À Vendre,250000.0,3,4,5.3979400086720375
914,914,Appartements,1.0,1.0,73.0,À Vendre,260000.0,3,50,5.414973347970818
915,915,Appartements,3.0,2.0,260.0,À Vendre,600000.0,3,97,5.778151250383644
916,916,Appartements,3.0,1.0,100.0,À Vendre,175000.0,3,8,5.243038048686294
917,917,Appartements,2.0,2.0,113.0,À Vendre,215000.0,3,4,5.332438459915605
918,918,Appartements,3.0,1.0,100.0,À Vendre,225000.0,3,65,5.352182518111363
919,919,Appartements,2.0,2.0,119.0,À Vendre,380000.0,3,61,5.57978359661681
920,920,Appartements,4.0,2.0,120.0,À Vendre,220000.0,3,65,5.342422680822207
921,921,Appartements,3.0,1.0,78.0,À Vendre,95000.0,3,48,4.977723605288848
922,922,Appartements,4.0,1.0,101.0,À Vendre,245000.0,3,61,5.389166084364533
923,923,Appartements,3.0,2.0,178.0,À Vendre,540000.0,3,91,5.732393759822968
924,924,Appartements,3.0,1.0,174.0,À Vendre,350000.0,3,56,5.544068044350276
925,925,Appartements,3.0,1.0,80.0,À Vendre,95000.0,3,11,4.977723605288848
926,926,Appartements,4.0,1.0,110.0,À Vendre,242000.0,3,65,5.383815365980431
927,927,Appartements,3.0,3.0,247.0,À Vendre,850000.0,3,8,5.929418925714293
928,928,Appartements,2.0,1.0,92.0,À Vendre,198000.0,3,4,5.296665190261531
929,929,Appartements,1.0,1.0,85.0,À Vendre,175000.0,3,4,5.243038048686294
930,930,Appartements,2.0,1.0,108.0,À Vendre,200000.0,3,4,5.301029995663981
931,931,Appartements,3.0,2.0,125.0,À Vendre,250000.0,3,4,5.3979400086720375
932,932,Appartements,3.0,2.0,134.0,À Vendre,250000.0,3,4,5.3979400086720375
933,933,Appartements,2.0,1.0,106.0,À Vendre,220000.0,3,4,5.342422680822207
934,934,Appartements,2.0,1.0,65.0,À Vendre,175000.0,3,8,5.243038048686294
935,935,Appartements,3.0,1.0,70.0,À Vendre,70000.0,3,8,4.845098040014257
936,936,Appartements,3.0,1.0,75.0,À Vendre,80000000.0,3,48,7.903089986991944
937,937,Appartements,1.0,1.0,104.0,À Vendre,264000.0,3,61,5.421603926869831
938,938,Appartements,3.0,1.0,134.0,À Vendre,280000.0,3,61,5.447158031342219
939,939,Appartements,4.0,1.0,85.0,À Vendre,147000.0,3,4,5.167317334748176
940,940,Appartements,3.0,3.0,197.0,À Vendre,545000.0,3,91,5.7363965022766426
941,941,Appartements,1.0,1.0,78.0,À Vendre,235000.0,3,17,5.371067862271736
942,942,Appartements,4.0,2.0,147.0,À Vendre,450000.0,3,17,5.653212513775344
943,943,Appartements,4.0,1.0,142.0,À Vendre,400000.0,3,8,5.6020599913279625
944,944,Appartements,4.0,3.0,240.0,À Vendre,370000.0,3,50,5.568201724066995
945,945,Appartements,4.0,2.0,200.0,À Vendre,380000.0,3,4,5.57978359661681
946,946,Appartements,3.0,1.0,100.0,À Vendre,1000000.0,3,56,6.0
947,947,Appartements,2.0,1.0,105.0,À Vendre,240000.0,3,61,5.380211241711606
948,948,Appartements,2.0,1.0,94.0,À Vendre,185000.0,3,4,5.267171728403014
949,949,Appartements,2.0,1.0,105.0,À Vendre,210000.0,3,4,5.32221929473392
950,950,Appartements,2.0,1.0,103.0,À Vendre,155000.0,3,56,5.190331698170292
951,951,Appartements,1.0,1.0,78.0,À Vendre,147000.0,3,4,5.167317334748176
952,952,Appartements,3.0,1.0,130.0,À Vendre,270000.0,3,61,5.431363764158987
953,953,Appartements,2.0,1.0,100.0,À Vendre,180000.0,3,4,5.2552725051033065
954,954,Appartements,1.0,1.0,60.0,À Vendre,135000.0,3,4,5.130333768495007
955,955,Appartements,1.0,1.0,60.0,À Vendre,120000.0,3,4,5.079181246047625
956,956,Appartements,3.0,2.0,135.0,À Vendre,230000.0,3,4,5.361727836017593
957,957,Appartements,4.0,1.0,118.0,À Vendre,300000.0,3,8,5.477121254719663
958,958,Appartements,3.0,2.0,135.0,À Vendre,250000.0,3,56,5.3979400086720375
959,959,Appartements,3.0,1.0,87.0,À Vendre,100000.0,3,97,5.0
960,960,Appartements,1.0,1.0,37.0,À Vendre,160000.0,3,8,5.204119982655925
961,961,Appartements,3.0,1.0,45.0,À Vendre,80000.0,3,8,4.903089986991944
962,962,Appartements,1.0,1.0,50.0,À Vendre,130000.0,3,56,5.113943352306837
963,963,Appartements,3.0,2.0,179.0,À Vendre,650000.0,3,61,5.812913356642856
964,964,Appartements,2.0,2.0,117.0,À Vendre,353000.0,3,17,5.547774705387822
965,965,Appartements,2.0,1.0,80.0,À Vendre,70000.0,3,11,4.845098040014257
966,966,Appartements,4.0,1.0,143.0,À Vendre,230000.0,3,85,5.361727836017593
967,967,Appartements,1.0,1.0,61.0,À Vendre,150000.0,3,61,5.176091259055681
968,968,Appartements,1.0,1.0,60.0,À Vendre,172000.0,3,4,5.235528446907549
969,969,Appartements,2.0,1.0,120.0,À Vendre,220000.0,3,61,5.342422680822207
970,970,Appartements,3.0,1.0,104.0,À Vendre,170000.0,3,8,5.230448921378274
971,971,Appartements,4.0,2.0,180.0,À Vendre,180000.0,3,65,5.2552725051033065
972,972,Appartements,2.0,1.0,118.0,À Vendre,380000.0,3,52,5.57978359661681
973,973,Appartements,1.0,1.0,50.0,À Vendre,50000.0,3,18,4.698970004336019
974,974,Appartements,4.0,3.0,236.0,À Vendre,630000.0,3,61,5.799340549453582
975,975,Appartements,2.0,1.0,70.0,À Vendre,74000.0,3,8,4.869231719730976
976,976,Appartements,3.0,1.0,133.0,À Vendre,270000.0,3,4,5.431363764158987
977,977,Appartements,2.0,1.0,92.0,À Vendre,225000.0,3,61,5.352182518111363
978,978,Appartements,3.0,2.0,130.0,À Vendre,800000.0,3,61,5.903089986991944
979,979,Appartements,3.0,1.0,151.0,À Vendre,360000.0,3,56,5.556302500767287
980,980,Appartements,2.0,1.0,70.0,À Vendre,280000.0,3,17,5.447158031342219
981,981,Appartements,3.0,2.0,134.0,À Vendre,295000.0,3,4,5.469822015978163
982,982,Appartements,3.0,2.0,151.0,À Vendre,350000.0,3,4,5.544068044350276
983,983,Appartements,2.0,2.0,122.0,À Vendre,290000.0,3,65,5.4623979978989565
984,984,Appartements,1.0,1.0,79.0,À Vendre,275000.0,3,17,5.439332693830263
985,985,Appartements,1.0,1.0,76.0,À Vendre,174800.0,3,4,5.242541428298384
986,986,Appartements,3.0,1.0,129.0,À Vendre,240000.0,3,4,5.380211241711606
987,987,Appartements,2.0,2.0,124.0,À Vendre,370000.0,3,61,5.568201724066995
988,988,Appartements,1.0,1.0,85.0,À Vendre,243000.0,3,61,5.385606273598312
989,989,Appartements,3.0,3.0,310.0,À Vendre,740000.0,3,61,5.869231719730976
990,990,Appartements,1.0,1.0,59.0,À Vendre,130000.0,3,4,5.113943352306837
991,991,Appartements,2.0,1.0,123.0,À Vendre,367000.0,3,52,5.56466606425209
992,992,Appartements,1.0,1.0,45.0,À Vendre,72000.0,3,65,4.857332496431268
993,993,Appartements,2.0,1.0,50.0,À Vendre,55000.0,3,55,4.740362689494244
994,994,Appartements,3.0,1.0,80.0,À Vendre,90000.0,3,85,4.954242509439325
995,995,Appartements,4.0,1.0,120.0,À Vendre,200000.0,3,8,5.301029995663981
996,996,Appartements,3.0,1.0,70.0,À Vendre,170000.0,3,8,5.230448921378274
997,997,Appartements,2.0,1.0,68.0,À Vendre,170000.0,3,11,5.230448921378274
998,998,Appartements,2.0,1.0,256.0,À Vendre,500000.0,3,50,5.698970004336019
999,999,Appartements,3.0,1.0,60.0,À Vendre,65000000.0,3,35,7.812913356642856
1000,1000,Appartements,4.0,2.0,200.0,À Vendre,380000.0,3,65,5.57978359661681
1001,1001,Appartements,2.0,1.0,100.0,À Vendre,280000.0,3,17,5.447158031342219
1002,1002,Appartements,1.0,1.0,40.0,À Vendre,60000.0,3,8,4.778151250383644
1003,1003,Appartements,2.0,1.0,70.0,À Vendre,220000.0,3,56,5.342422680822207
1004,1004,Appartements,4.0,2.0,92.0,À Vendre,250000.0,3,82,5.3979400086720375
1005,1005,Appartements,4.0,2.0,230.0,À Vendre,780000.0,3,4,5.892094602690481
1006,1006,Appartements,3.0,2.0,400.0,À Vendre,1400000.0,3,61,6.146128035678238
1007,1007,Appartements,3.0,1.0,75.0,À Vendre,170000.0,3,8,5.230448921378274
1008,1008,Appartements,3.0,2.0,128.0,À Vendre,300000.0,3,65,5.477121254719663
1009,1009,Appartements,3.0,1.0,70.0,À Vendre,85000.0,3,33,4.929418925714293
1010,1010,Appartements,4.0,1.0,125.0,À Vendre,335000.0,3,56,5.525044807036846
1011,1011,Appartements,1.0,1.0,100.0,À Vendre,220000.0,3,65,5.342422680822207
1012,1012,Appartements,3.0,3.0,165.0,À Vendre,525000.0,3,61,5.720159303405957
1013,1013,Appartements,3.0,1.0,90.0,À Vendre,250000.0,3,50,5.3979400086720375
1014,1014,Appartements,3.0,2.0,360.0,À Vendre,1150000.0,3,50,6.060697840353612
1015,1015,Appartements,2.0,2.0,90.0,À Vendre,446000.0,3,61,5.649334858712142
1016,1016,Appartements,1.0,1.0,95.0,À Vendre,295000.0,3,61,5.469822015978163
1017,1017,Appartements,1.0,1.0,69.0,À Vendre,194037.0,3,8,5.287884551392505
1018,1018,Appartements,3.0,2.0,140.0,À Vendre,252000.0,3,4,5.401400540781544
1019,1019,Appartements,2.0,2.0,122.0,À Vendre,290000.0,3,65,5.4623979978989565
1020,1020,Appartements,3.0,2.0,140.0,À Vendre,550000.0,3,50,5.740362689494244
1021,1021,Appartements,3.0,1.0,70.0,À Vendre,50000.0,3,4,4.698970004336019
1022,1022,Appartements,1.0,1.0,55.0,À Vendre,7000000.0,3,61,6.845098040014257
1023,1023,Appartements,2.0,2.0,100.0,À Vendre,410000.0,3,61,5.612783856719736
1024,1024,Appartements,2.0,2.0,117.0,À Vendre,570000.0,3,61,5.755874855672492
1025,1025,Appartements,3.0,1.0,110.0,À Vendre,210000.0,3,33,5.32221929473392
1026,1026,Appartements,4.0,2.0,160.0,À Vendre,270000.0,3,56,5.431363764158987
1027,1027,Appartements,2.0,1.0,105.0,À Vendre,240000.0,3,61,5.380211241711606
1028,1028,Appartements,2.0,1.0,100.0,À Vendre,165000.0,3,8,5.217483944213907
1029,1029,Appartements,1.0,1.0,62.0,À Vendre,300000.0,3,97,5.477121254719663
1030,1030,Appartements,3.0,3.0,167.0,À Vendre,290000.0,3,97,5.4623979978989565
1031,1031,Appartements,2.0,1.0,102.0,À Vendre,285000.0,3,50,5.45484486000851
1032,1032,Appartements,2.0,1.0,115.0,À Vendre,290000.0,3,4,5.4623979978989565
1033,1033,Appartements,2.0,2.0,140.0,À Vendre,430000.0,3,18,5.633468455579586
1034,1034,Appartements,2.0,1.0,83.0,À Vendre,120000.0,3,97,5.079181246047625
1035,1035,Appartements,3.0,1.0,80.0,À Vendre,135000.0,3,55,5.130333768495007
1036,1036,Appartements,2.0,1.0,100.0,À Vendre,300000.0,3,8,5.477121254719663
1037,1037,Appartements,2.0,1.0,105.0,À Vendre,230000.0,3,4,5.361727836017593
1038,1038,Appartements,2.0,1.0,80.0,À Vendre,180000.0,3,8,5.2552725051033065
1039,1039,Appartements,2.0,1.0,130.0,À Vendre,270000.0,3,4,5.431363764158987
1040,1040,Appartements,2.0,1.0,85.0,À Vendre,220000.0,3,56,5.342422680822207
1041,1041,Appartements,3.0,1.0,147.0,À Vendre,323000.0,3,4,5.509202522331103
1042,1042,Appartements,3.0,1.0,155.0,À Vendre,380000.0,3,4,5.57978359661681
1043,1043,Appartements,2.0,3.0,147.0,À Vendre,450000.0,3,8,5.653212513775344
1044,1044,Appartements,3.0,3.0,200.0,À Vendre,610000.0,3,61,5.785329835010767
1045,1045,Appartements,2.0,1.0,93.0,À Vendre,215000.0,3,4,5.332438459915605
1046,1046,Appartements,4.0,2.0,160.0,À Vendre,180000.0,3,65,5.2552725051033065
1047,1047,Appartements,2.0,2.0,212.0,À Vendre,330000.0,3,4,5.518513939877887
1048,1048,Appartements,4.0,3.0,355.0,À Vendre,550000.0,3,4,5.740362689494244
1049,1049,Appartements,1.0,1.0,100.0,À Vendre,190000.0,3,4,5.278753600952829
1050,1050,Appartements,3.0,3.0,284.0,À Vendre,680000.0,3,4,5.832508912706237
1051,1051,Appartements,2.0,1.0,110.0,À Vendre,255000.0,3,4,5.406540180433956
1052,1052,Appartements,3.0,2.0,200.0,À Vendre,650000.0,3,8,5.812913356642856
1053,1053,Appartements,3.0,3.0,211.0,À Vendre,459650.0,3,4,5.662427264452727
1054,1054,Appartements,3.0,2.0,97.0,À Vendre,88000.0,3,97,4.944482672150168
1055,1055,Appartements,3.0,1.0,86.0,À Vendre,95000.0,3,11,4.977723605288848
1056,1056,Appartements,2.0,1.0,80.0,À Vendre,90000.0,3,97,4.954242509439325
1057,1057,Appartements,4.0,1.0,130.0,À Vendre,260000.0,3,65,5.414973347970818
1058,1058,Appartements,3.0,1.0,90.0,À Vendre,220000.0,3,65,5.342422680822207
1059,1059,Appartements,3.0,1.0,100.0,À Vendre,800000.0,3,4,5.903089986991944
1060,1060,Appartements,1.0,1.0,61.0,À Vendre,295000.0,3,61,5.469822015978163
1061,1061,Appartements,3.0,3.0,186.0,À Vendre,950000.0,3,61,5.977723605288848
1062,1062,Appartements,4.0,1.0,150.0,À Vendre,800000.0,3,61,5.903089986991944
1063,1063,Appartements,3.0,1.0,75.0,À Vendre,80000.0,3,8,4.903089986991944
1064,1064,Appartements,2.0,1.0,98.0,À Vendre,299000.0,3,50,5.47567118832443
1065,1065,Appartements,3.0,2.0,161.0,À Vendre,415000.0,3,91,5.6180480967120925
1066,1066,Appartements,3.0,1.0,104.0,À Vendre,160000.0,3,41,5.204119982655925
1067,1067,Appartements,2.0,1.0,68.0,À Vendre,110000.0,3,18,5.041392685158225
1068,1068,Appartements,2.0,1.0,140.0,À Vendre,250000.0,3,97,5.3979400086720375
